"ticker","company_name","industry_group","listing_date","market_cap","active","updated_at"
"10X","EXULTANT MINING LIMITED","Materials",2025-12-11,6358000,1,2026-07-10 14:39:43.272191
"14D","1414 DEGREES LIMITED","Capital Goods",2018-09-12,46763562,1,2026-07-10 14:39:43.272191
"1AD","ADALTA LIMITED","Pharmaceuticals, Biotechnology & Life Sciences",2016-08-22,12848676,1,2026-07-10 14:39:43.272191
"1AE","AURORA ENERGY METALS LIMITED","Materials",2022-05-18,9848506,1,2026-07-10 14:39:43.272191
"1AI","ALGORAE PHARMACEUTICALS LIMITED","Pharmaceuticals, Biotechnology & Life Sciences",2004-09-01,26358423,1,2026-07-10 14:39:43.272191
"1CG","ONE CLICK GROUP LIMITED","Capital Goods",2017-04-28,15687434,1,2026-07-10 14:39:43.272191
"1MC","MORELLA CORPORATION LIMITED","Materials",2001-01-08,11043860,1,2026-07-10 14:39:43.272191
"1TT","THRIVE TRIBE TECHNOLOGIES LIMITED","Software & Services",2015-07-09,14259229,1,2026-07-10 14:39:43.272191
"29M","29METALS LIMITED","Materials",2021-07-02,420018371,1,2026-07-10 14:39:43.272191
"360","LIFE360 INC.","Software & Services",2019-05-10,6446869641,1,2026-07-10 14:39:43.272191
"3DA","AMAERO INC.","Capital Goods",2019-12-06,309831340,1,2026-07-10 14:39:43.272191
"3DP","POINTERRA LIMITED","Software & Services",2008-03-27,23741627,1,2026-07-10 14:39:43.272191
"3PL","3P LEARNING LIMITED..","Consumer Services",2014-07-09,81871957,1,2026-07-10 14:39:43.272191
"49M","49 METALS LIMITED","Materials",2026-03-31,7976955,1,2026-07-10 14:39:43.272191
"4DS","4DS MEMORY LIMITED","Semiconductors & Semiconductor Equipment",2010-12-09,,1,2026-07-10 14:39:43.272191
"4DX","4DMEDICAL LIMITED","Health Care Equipment & Services",2020-08-07,2450412798,1,2026-07-10 14:39:43.272191
"5GG","PENTANET LIMITED","Telecommunication Services",2021-01-29,6930747,1,2026-07-10 14:39:43.272191
"5GN","5G NETWORKS LIMITED.","Software & Services",1999-12-14,15053724,1,2026-07-10 14:39:43.272191
"6KA","6K ADDITIVE, INC.","Materials",2025-12-04,203123369,1,2026-07-10 14:39:43.272191
"88E","88 ENERGY LIMITED","Energy",2000-01-20,26619060,1,2026-07-10 14:39:43.272191
"8CO","8COMMON LIMITED","Software & Services",2014-08-27,8739701,1,2026-07-10 14:39:43.272191
"8IH","8I HOLDINGS LTD","Financial Services",2014-12-17,4177930,1,2026-07-10 14:39:43.272191
"A11","ATLANTIC LITHIUM LIMITED","Materials",2022-09-26,240450987,1,2026-07-10 14:39:43.272191
"A1M","AIC MINES LIMITED","Materials",1993-11-04,582262469,1,2026-07-10 14:39:43.272191
"A1N","ARN MEDIA LIMITED","Media & Entertainment",1992-05-07,75132090,1,2026-07-10 14:39:43.272191
"A2M","THE A2 MILK COMPANY LIMITED","Food, Beverage & Tobacco",2015-03-31,5237577121,1,2026-07-10 14:39:43.272191
"A3D","AURORA LABS LIMITED","Capital Goods",2016-08-16,23039265,1,2026-07-10 14:39:43.272191
"A4N","ALPHA HPA LIMITED","Materials",2007-10-22,892916280,1,2026-07-10 14:39:43.272191
"A8G","AUSTRALASIAN METALS LIMITED","Materials",2021-05-13,6946767,1,2026-07-10 14:39:43.272191
"AA2","ARIANA RESOURCES PLC","Materials",2025-09-10,94022684,1,2026-07-10 14:39:43.272191
"AAC","AUSTRALIAN AGRICULTURAL COMPANY LIMITED.","Food, Beverage & Tobacco",2001-08-10,822776610,1,2026-07-10 14:39:43.272191
"AAI","ALCOA CORPORATION","Materials",2024-07-24,18757442720,1,2026-07-10 14:39:43.272191
"AAJ","ARUMA RESOURCES LIMITED","Materials",2010-07-23,6603915,1,2026-07-10 14:39:43.272191
"AAL","ALFABS AUSTRALIA LIMITED","Capital Goods",2024-06-28,80360573,1,2026-07-10 14:39:43.272191
"AAM","AUMEGA METALS LTD","Materials",2017-03-08,48031741,1,2026-07-10 14:39:43.272191
"AAP","AUSTRALIAN AGRICULTURAL PROJECTS LIMITED","Food, Beverage & Tobacco",2004-01-07,26170864,1,2026-07-10 14:39:43.272191
"AAR","ASTRAL RESOURCES NL","Materials",1986-11-13,207120245,1,2026-07-10 14:39:43.272191
"AAU","ANTILLES GOLD LIMITED","Materials",1993-11-25,22953653,1,2026-07-10 14:39:43.272191
"ABB","AUSSIE BROADBAND LIMITED","Telecommunication Services",2020-10-16,1469880691,1,2026-07-10 14:39:43.272191
"ABE","AUSTRALIAN BOND EXCHANGE HOLDINGS LIMITED","Financial Services",2021-12-06,1811411,1,2026-07-10 14:39:43.272191
"ABG","ABACUS GROUP","Equity Real Estate Investment Trusts (REITs)",2002-11-14,844506463,1,2026-07-10 14:39:43.272191
"ABR","ALBRIGHT METALS LTD","Materials",2017-10-17,4661367,1,2026-07-10 14:39:43.272191
"ABV","ADVANCED BRAKING TECHNOLOGY LTD","Automobiles & Components",2002-05-28,45766695,1,2026-07-10 14:39:43.272191
"ABX","ABX GROUP LIMITED","Materials",2009-12-24,16871307,1,2026-07-10 14:39:43.272191
"ABY","ADORE BEAUTY GROUP LIMITED","Consumer Discretionary Distribution & Retail",2020-10-23,28187378,1,2026-07-10 14:39:43.272191
"ACE","ACUSENSUS LIMITED.","Software & Services",2023-01-12,197348499,1,2026-07-10 14:39:43.272191
"ACF","ACROW LIMITED","Capital Goods",2008-06-27,308576000,1,2026-07-10 14:39:43.272191
"ACL","AUSTRALIAN CLINICAL LABS LIMITED","Health Care Equipment & Services",2021-05-14,415937337,1,2026-07-10 14:39:43.272191
"ACM","AUSTRALIAN CRITICAL MINERALS LIMITED","Materials",2023-07-03,5999257,1,2026-07-10 14:39:43.272191
"ACP","AUDALIA RESOURCES LIMITED","Materials",2011-07-06,21553405,1,2026-07-10 14:39:43.272191
"ACQ","ACORN CAPITAL INVESTMENT FUND LIMITED","Not Applic",2014-05-01,81134225,1,2026-07-10 14:39:43.272191
"ACR","ACRUX LIMITED","Pharmaceuticals, Biotechnology & Life Sciences",2004-09-29,6011974,1,2026-07-10 14:39:43.272191
"ACS","ACCENT RESOURCES NL","Materials",2005-08-26,12238432,1,2026-07-10 14:39:43.272191
"ACU","ACUMENTIS GROUP LIMITED","Real Estate Management & Development",2003-12-05,17390494,1,2026-07-10 14:39:43.272191
"ACW","ACTINOGEN MEDICAL LIMITED","Pharmaceuticals, Biotechnology & Life Sciences",2007-10-16,141249481,1,2026-07-10 14:39:43.272191
"AD1","ADNEO LIMITED","Media & Entertainment",2016-06-23,10274526,1,2026-07-10 14:39:43.272191
"AD8","AUDINATE GROUP LIMITED","Technology Hardware & Equipment",2017-06-30,193112398,1,2026-07-10 14:39:43.272191
"ADC","ACDC METALS LTD","Materials",2023-01-17,4729339,1,2026-07-10 14:39:43.272191
"ADD","ADAVALE RESOURCES LIMITED","Energy",1992-02-06,13284761,1,2026-07-10 14:39:43.272191
"ADH","ADAIRS LIMITED","Consumer Discretionary Distribution & Retail",2015-06-17,262563502,1,2026-07-10 14:39:43.272191
"ADN","ANDROMEDA METALS LIMITED","Materials",1996-09-17,32365420,1,2026-07-10 14:39:43.272191
"ADO","ANTEOTECH LTD","Pharmaceuticals, Biotechnology & Life Sciences",2000-04-07,94533252,1,2026-07-10 14:39:43.272191
"ADR","ADHERIUM LIMITED","Health Care Equipment & Services",2015-08-26,7135398,1,2026-07-10 14:39:43.272191
"ADS","ADSLOT LTD.","Software & Services",1987-12-17,5912803,1,2026-07-10 14:39:43.272191
"ADX","ADX ENERGY LTD","Energy",1987-01-29,22468200,1,2026-07-10 14:39:43.272191
"ADY","ADMIRALTY RESOURCES NL.","Materials",1983-12-01,,1,2026-07-10 14:39:43.272191
"AEE","AURA ENERGY LIMITED","Energy",2006-05-30,101944163,1,2026-07-10 14:39:43.272191
"AEF","AUSTRALIAN ETHICAL INVESTMENT LIMITED","Financial Services",2002-12-17,507682152,1,2026-07-10 14:39:43.272191
"AEG","ALAND EQUITY GROUP LIMITED","Financial Services",2022-05-03,65458295,1,2026-07-10 14:39:43.272191
"AEI","AERIS ENVIRONMENTAL LTD","Commercial & Professional Services",2000-09-12,7891026,1,2026-07-10 14:39:43.272191
"AEL","AMPLITUDE ENERGY LIMITED","Energy",2002-03-13,380848655,1,2026-07-10 14:39:43.272191
"AEM","ADVANCED ENERGY MINERALS LTD","Materials",2025-12-24,244643846,1,2026-07-10 14:39:43.272191
"AER","AEERIS LTD","Media & Entertainment",2015-04-01,5470420,1,2026-07-10 14:39:43.272191
"AEU","ATOMIC EAGLE LTD","Materials",2004-11-22,151424574,1,2026-07-10 14:39:43.272191
"AEV","AVENIRA LIMITED","Materials",2006-10-10,32580538,1,2026-07-10 14:39:43.272191
"AFA","ASF GROUP LIMITED","Financial Services",1985-05-29,51475617,1,2026-07-10 14:39:43.272191
"AFG","AUSTRALIAN FINANCE GROUP LTD","Financial Services",2015-05-22,457310666,1,2026-07-10 14:39:43.272191
"AFI","AUSTRALIAN FOUNDATION INVESTMENT COMPANY LIMITED","Not Applic",1962-06-30,8637198148,1,2026-07-10 14:39:43.272191
"AFL","AF LEGAL GROUP LTD","Commercial & Professional Services",2003-09-19,12055624,1,2026-07-10 14:39:43.272191
"AFP","AFT PHARMACEUTICALS LIMITED","Pharmaceuticals, Biotechnology & Life Sciences",2015-12-22,329306432,1,2026-07-10 14:39:43.272191
"AGC","AUSTRALIAN GOLD AND COPPER LTD","Materials",2021-01-20,34212193,1,2026-07-10 14:39:43.272191
"AGD","AUSTRAL GOLD LIMITED","Materials",1997-04-18,86853478,1,2026-07-10 14:39:43.272191
"AGE","ALLIGATOR ENERGY LIMITED","Energy",2011-02-03,239599844,1,2026-07-10 14:39:43.272191
"AGI","AINSWORTH GAME TECHNOLOGY LIMITED","Consumer Services",2001-12-17,486667227,1,2026-07-10 14:39:43.272191
"AGL","AGL ENERGY LIMITED.","Utilities",2006-10-12,5644349285,1,2026-07-10 14:39:43.272191
"AGN","ARGENICA THERAPEUTICS LIMITED","Pharmaceuticals, Biotechnology & Life Sciences",2021-06-11,13487955,1,2026-07-10 14:39:43.272191
"AGR","AGUIA RESOURCES LIMITED","Materials",2008-02-13,40018288,1,2026-07-10 14:39:43.272191
"AGY","ARGOSY MINERALS LIMITED","Materials",1997-04-03,64825359,1,2026-07-10 14:39:43.272191
"AHC","AUSTCO HEALTHCARE LIMITED","Health Care Equipment & Services",2004-09-24,93687820,1,2026-07-10 14:39:43.272191
"AHE","ADHERIS HEALTH LIMITED","Health Care Equipment & Services",2011-05-26,9569716,1,2026-07-10 14:39:43.272191
"AHF","AUSTRALIAN DAIRY NUTRITIONALS LIMITED","Food, Beverage & Tobacco",2006-06-30,14961194,1,2026-07-10 14:39:43.272191
"AHK","ARK MINES LIMITED","Materials",2011-05-09,18807942,1,2026-07-10 14:39:43.272191
"AHL","ADRAD HOLDINGS LIMITED","Automobiles & Components",2022-09-30,99618661,1,2026-07-10 14:39:43.272191
"AHN","ATHENA RESOURCES LIMITED","Materials",2006-11-22,11329728,1,2026-07-10 14:39:43.272191
"AI1","ADISYN LTD","Software & Services",2020-11-10,194208508,1,2026-07-10 14:39:43.272191
"AIA","AUCKLAND INTERNATIONAL AIRPORT LIMITED","Transportation",1999-02-22,12154776941,1,2026-07-10 14:39:43.272191
"AIH","ADVANCED INNERGY HOLDINGS LIMITED","Capital Goods",2025-10-31,274523335,1,2026-07-10 14:39:43.272191
"AII","ALMONTY INDUSTRIES INC.","Materials",2021-08-02,6317283657,1,2026-07-10 14:39:43.272191
"AIM","AI-MEDIA TECHNOLOGIES LIMITED","Software & Services",2020-09-15,46096199,1,2026-07-10 14:39:43.272191
"AIQ","ALTERNATIVE INVESTMENT TRUST","Not Applic",2005-05-08,84093456,1,2026-07-10 14:39:43.272191
"AIS","AERIS RESOURCES LIMITED","Materials",2011-02-02,516494269,1,2026-07-10 14:39:43.272191
"AIV","ACTIVEX LIMITED","Materials",2006-04-11,7500371,1,2026-07-10 14:39:43.272191
"AIX","AI PRIVATE OPPORTUNITIES TRUST","Not Applic",2026-07-02,257612694,1,2026-07-10 14:39:43.272191
"AIZ","AIR NEW ZEALAND LIMITED","Transportation",1997-10-01,1164082366,1,2026-07-10 14:39:43.272191
"AJL","AJ LUCAS GROUP LIMITED","Capital Goods",1999-08-10,11005837,1,2026-07-10 14:39:43.272191
"AJX","ALEXIUM INTERNATIONAL GROUP LIMITED","Materials",1999-12-22,21894495,1,2026-07-10 14:39:43.272191
"AKA","AUREKA LIMITED","Materials",2011-03-31,12731921,1,2026-07-10 14:39:43.272191
"AKG","ACADEMIES AUSTRALASIA GROUP LIMITED","Consumer Services",1977-06-01,7656868,1,2026-07-10 14:39:43.272191
"AKM","ASPIRE MINING LIMITED","Materials",2007-02-06,109141952,1,2026-07-10 14:39:43.272191
"AKN","AUKING MINING LIMITED","Materials",2007-10-29,53287491,1,2026-07-10 14:39:43.272191
"AKO","AKORA RESOURCES LIMITED","Materials",2020-12-15,17608990,1,2026-07-10 14:39:43.272191
"AL3","AML3D LIMITED","Capital Goods",2020-04-20,79442410,1,2026-07-10 14:39:43.272191
"ALA","AROVELLA THERAPEUTICS LIMITED","Pharmaceuticals, Biotechnology & Life Sciences",2002-01-24,79784222,1,2026-07-10 14:39:43.272191
"ALB","ALBION RESOURCES LIMITED","Materials",2021-04-30,8275450,1,2026-07-10 14:39:43.272191
"ALC","ALCIDION GROUP LIMITED","Health Care Equipment & Services",2011-06-24,134355876,1,2026-07-10 14:39:43.272191
"ALD","AMPOL LIMITED","Energy",1980-12-31,8288147003,1,2026-07-10 14:39:43.272191
"ALI","ARGO GLOBAL LISTED INFRASTRUCTURE LIMITED","Not Applic",2015-07-03,480399070,1,2026-07-10 14:39:43.272191
"ALK","ALKANE RESOURCES LIMITED","Materials",1980-10-07,1878531629,1,2026-07-10 14:39:43.272191
"ALL","ARISTOCRAT LEISURE LIMITED","Consumer Services",1996-07-09,37365303776,1,2026-07-10 14:39:43.272191
"ALM","ALMA METALS LIMITED","Energy",2007-04-18,34252808,1,2026-07-10 14:39:43.272191
"ALQ","ALS LIMITED","Commercial & Professional Services",1952-07-18,11404481166,1,2026-07-10 14:39:43.272191
"ALR","ALTAIR MINERALS LIMITED","Materials",2012-02-01,205496922,1,2026-07-10 14:39:43.272191
"ALV","ALVO MINERALS LIMITED","Materials",2021-10-20,7748618,1,2026-07-10 14:39:43.272191
"ALX","ATLAS ARTERIA","Transportation",2010-01-25,7299826357,1,2026-07-10 14:39:43.272191
"ALY","ALCHEMY RESOURCES LIMITED","Materials",2007-11-26,8316534,1,2026-07-10 14:39:43.272191
"AM3","AMARA MINERALS LIMITED","Materials",2007-03-21,13889945,1,2026-07-10 14:39:43.272191
"AM5","ANTARES METALS LIMITED","Materials",2021-10-18,5136617,1,2026-07-10 14:39:43.272191
"AM7","ARCADIA MINERALS LIMITED","Materials",2021-06-25,5030570,1,2026-07-10 14:39:43.272191
"AMA","AMA GROUP LIMITED","Commercial & Professional Services",2006-08-31,218976508,1,2026-07-10 14:39:43.272191
"AMC","AMCOR PLC","Materials",1969-08-28,29553136505,1,2026-07-10 14:39:43.272191
"AMD","ARROW MINERALS LTD","Materials",2005-10-28,5712933,1,2026-07-10 14:39:43.272191
"AMH","AMCIL LIMITED","Not Applic",2000-02-10,286215369,1,2026-07-10 14:39:43.272191
"AMI","AURELIA METALS LIMITED","Materials",2007-05-08,465685504,1,2026-07-10 14:39:43.272191
"AMN","AGRIMIN LIMITED","Materials",2007-10-09,21836049,1,2026-07-10 14:39:43.272191
"AMO","AMBERTECH LIMITED","Technology Hardware & Equipment",2004-12-10,8491026,1,2026-07-10 14:39:43.272191
"AMP","AMP LIMITED","Financial Services",1998-06-15,4050598911,1,2026-07-10 14:39:43.272191
"AMS","ATOMOS LIMITED","Consumer Durables & Apparel",2018-12-28,16372564,1,2026-07-10 14:39:43.272191
"AMU","AMERICAN URANIUM LTD","Materials",2007-08-10,9310843,1,2026-07-10 14:39:43.272191
"AMX","AEROMETREX LIMITED","Commercial & Professional Services",2019-12-10,26122426,1,2026-07-10 14:39:43.272191
"AN1","ANAGENICS LIMITED","Pharmaceuticals, Biotechnology & Life Sciences",2005-12-09,6898156,1,2026-07-10 14:39:43.272191
"ANG","AUSTIN ENGINEERING LIMITED","Capital Goods",2004-03-09,90351077,1,2026-07-10 14:39:43.272191
"ANN","ANSELL LIMITED","Health Care Equipment & Services",1985-08-22,4474608071,1,2026-07-10 14:39:43.272191
"ANO","ADVANCE ZINCTEK LIMITED","Materials",2005-02-24,51710882,1,2026-07-10 14:39:43.272191
"ANR","ANATARA LIFESCIENCES LTD","Pharmaceuticals, Biotechnology & Life Sciences",2014-10-16,3159508,1,2026-07-10 14:39:43.272191
"ANX","ANAX METALS LIMITED","Materials",2004-06-15,47029648,1,2026-07-10 14:39:43.272191
"ANZ","ANZ GROUP HOLDINGS LIMITED","Banks",1969-09-30,108181046705,1,2026-07-10 14:39:43.272191
"AOA","AUSMON RESOURCES LIMITED","Materials",2009-03-31,1426513,1,2026-07-10 14:39:43.272191
"AOK","AUSTRALIAN OIL COMPANY LIMITED.","Energy",2005-10-11,3893553,1,2026-07-10 14:39:43.272191
"AON","APOLLO MINERALS LIMITED","Materials",2007-10-31,71817311,1,2026-07-10 14:39:43.272191
"AOV","AMOTIV LIMITED","Automobiles & Components",1962-06-30,888763748,1,2026-07-10 14:39:43.272191
"APA","APA GROUP","Utilities",2000-06-13,13105138989,1,2026-07-10 14:39:43.272191
"APC","APC MINERALS LIMITED","Materials",2011-12-20,6607133,1,2026-07-10 14:39:43.272191
"APE","EAGERS AUTOMOTIVE LIMITED","Consumer Discretionary Distribution & Retail",1957-04-17,5960679510,1,2026-07-10 14:39:43.272191
"APL","ASSOCIATE GLOBAL PARTNERS LIMITED","Financial Services",2004-09-30,14841107,1,2026-07-10 14:39:43.272191
"APW","AIMS PROPERTY SECURITIES FUND","Equity Real Estate Investment Trusts (REITs)",2004-12-17,186980149,1,2026-07-10 14:39:43.272191
"APX","APPEN LIMITED","Software & Services",2015-01-07,241671283,1,2026-07-10 14:39:43.272191
"APZ","ASPEN GROUP","Equity Real Estate Investment Trusts (REITs)",1991-04-11,1183860252,1,2026-07-10 14:39:43.272191
"AQC","AUSTRALIAN PACIFIC COAL LIMITED","Materials",1999-12-17,,1,2026-07-10 14:39:43.272191
"AQD","AUSQUEST LIMITED","Materials",2003-11-25,72256976,1,2026-07-10 14:39:43.272191
"AQI","ALICANTO MINERALS LIMITED","Materials",2012-09-19,244989260,1,2026-07-10 14:39:43.272191
"AQN","AQUIRIAN LIMITED","Commercial & Professional Services",2021-07-27,50331369,1,2026-07-10 14:39:43.272191
"AQX","ALICE QUEEN LIMITED","Materials",2004-09-09,16243605,1,2026-07-10 14:39:43.272191
"AQZ","ALLIANCE AVIATION SERVICES LIMITED","Transportation",2011-12-20,88583466,1,2026-07-10 14:39:43.272191
"AR1","AUSTRAL RESOURCES AUSTRALIA LTD","Materials",2021-11-03,152196591,1,2026-07-10 14:39:43.272191
"AR3","AUSTRALIAN RARE EARTHS LIMITED","Materials",2021-07-01,28168200,1,2026-07-10 14:39:43.272191
"AR9","ARCHTIS LIMITED","Software & Services",2018-09-21,33806428,1,2026-07-10 14:39:43.272191
"ARA","ARIADNE AUSTRALIA LIMITED","Commercial & Professional Services",1982-10-12,89194596,1,2026-07-10 14:39:43.272191
"ARB","ARB CORPORATION LIMITED.","Automobiles & Components",1987-06-26,1495005576,1,2026-07-10 14:39:43.272191
"ARC","ARC FUNDS LIMITED","Financial Services",2000-04-14,5944103,1,2026-07-10 14:39:43.272191
"ARD","ARGENT MINERALS LIMITED","Materials",2008-04-03,42537544,1,2026-07-10 14:39:43.272191
"ARF","ARENA REIT.","Equity Real Estate Investment Trusts (REITs)",2013-06-13,1313432032,1,2026-07-10 14:39:43.272191
"ARG","ARGO INVESTMENTS LIMITED","Not Applic",1963-03-31,6847234885,1,2026-07-10 14:39:43.272191
"ARI","ARIKA RESOURCES LIMITED","Materials",2005-12-21,28373952,1,2026-07-10 14:39:43.272191
"ARL","ARDEA RESOURCES LIMITED","Materials",2017-02-09,84589931,1,2026-07-10 14:39:43.272191
"ARN","ALDORO RESOURCES LIMITED","Materials",2018-09-13,80483846,1,2026-07-10 14:39:43.272191
"ARR","AMERICAN RARE EARTHS LIMITED","Materials",2011-02-17,203387730,1,2026-07-10 14:39:43.272191
"ART","AIRTASKER LIMITED","Media & Entertainment",2021-03-23,102735781,1,2026-07-10 14:39:43.272191
"ARU","ARAFURA RARE EARTHS LTD","Materials",2003-11-05,1416157525,1,2026-07-10 14:39:43.272191
"ARV","ARTEMIS RESOURCES LIMITED","Materials",2007-03-16,15770284,1,2026-07-10 14:39:43.272191
"ARX","AROA BIOSURGERY LIMITED","Pharmaceuticals, Biotechnology & Life Sciences",2020-07-24,207541592,1,2026-07-10 14:39:43.272191
"AS1","ASARA RESOURCES LIMITED","Materials",1987-08-13,255556784,1,2026-07-10 14:39:43.272191
"AS2","ASKARI METALS LIMITED","Materials",2021-07-07,7098604,1,2026-07-10 14:39:43.272191
"ASB","AUSTAL LIMITED","Capital Goods",1998-12-08,1616544232,1,2026-07-10 14:39:43.272191
"ASG","AUTOSPORTS GROUP LIMITED.","Consumer Discretionary Distribution & Retail",2016-11-16,344052649,1,2026-07-10 14:39:43.272191
"ASH","ASHLEY SERVICES GROUP LIMITED","Commercial & Professional Services",2014-08-21,40115494,1,2026-07-10 14:39:43.272191
"ASL","ANDEAN SILVER LIMITED","Materials",2021-09-30,414765774,1,2026-07-10 14:39:43.272191
"ASM","AUSTRALIAN STRATEGIC MATERIALS LIMITED","Materials",2020-07-30,296186455,1,2026-07-10 14:39:43.272191
"ASN","ANSON RESOURCES LIMITED","Materials",2010-07-08,69639504,1,2026-07-10 14:39:43.272191
"ASP","ASPERMONT LIMITED.","Media & Entertainment",2000-04-27,18457997,1,2026-07-10 14:39:43.272191
"ASQ","AUSTRALIAN SILICA QUARTZ GROUP LTD","Materials",2007-10-22,6709766,1,2026-07-10 14:39:43.272191
"ASV","ASSET VISION CO LTD","Commercial & Professional Services",2013-12-02,30795574,1,2026-07-10 14:39:43.272191
"ASX","ASX LIMITED","Financial Services",1998-10-14,10620525293,1,2026-07-10 14:39:43.272191
"AT1","ATOMO DIAGNOSTICS LIMITED","Health Care Equipment & Services",2020-04-16,15341359,1,2026-07-10 14:39:43.272191
"AT4","AMERICAN TUNGSTEN & ANTIMONY LTD","Materials",2019-10-03,65260856,1,2026-07-10 14:39:43.272191
"ATA","ATTURRA LIMITED","Software & Services",2021-12-22,173002480,1,2026-07-10 14:39:43.272191
"ATC","ALTECH BATTERIES LTD","Materials",2010-01-27,24021507,1,2026-07-10 14:39:43.272191
"ATG","ARTICORE GROUP LIMITED","Consumer Discretionary Distribution & Retail",2016-05-16,75809504,1,2026-07-10 14:39:43.272191
"ATH","ALTERITY THERAPEUTICS LIMITED","Pharmaceuticals, Biotechnology & Life Sciences",2000-03-28,133817332,1,2026-07-10 14:39:43.272191
"ATM","PT ANTAM (PERSERO) TBK","Materials",1999-08-09,4326710935,1,2026-07-10 14:39:43.272191
"ATP","ATLAS PEARLS LTD","Consumer Durables & Apparel",1993-12-31,36001492,1,2026-07-10 14:39:43.272191
"ATR","ASTRON LIMITED","Materials",1983-11-11,270866229,1,2026-07-10 14:39:43.272191
"ATS","AUSTRALIS OIL & GAS LIMITED","Energy",2016-07-25,29204548,1,2026-07-10 14:39:43.272191
"ATT","ALTITUDE MINERALS LTD","Materials",2021-09-15,4907288,1,2026-07-10 14:39:43.272191
"ATV","ACTIVEPORT GROUP LTD","Software & Services",2021-10-20,25122860,1,2026-07-10 14:39:43.272191
"ATX","AMPLIA THERAPEUTICS LIMITED","Pharmaceuticals, Biotechnology & Life Sciences",2013-12-23,71863682,1,2026-07-10 14:39:43.272191
"AU1","THE AGENCY GROUP AUSTRALIA LTD","Real Estate Management & Development",2007-12-18,11428991,1,2026-07-10 14:39:43.272191
"AUA","AUDEARA LIMITED","Consumer Durables & Apparel",2021-05-18,5791250,1,2026-07-10 14:39:43.272191
"AUB","AUB GROUP LIMITED","Insurance",2005-11-16,3708884278,1,2026-07-10 14:39:43.272191
"AUC","AUSGOLD LIMITED","Materials",2009-12-16,468420079,1,2026-07-10 14:39:43.272191
"AUE","AURUM RESOURCES LIMITED","Materials",2021-11-02,213667450,1,2026-07-10 14:39:43.272191
"AUG","AUGUSTUS MINERALS LIMITED","Materials",2023-05-25,9286176,1,2026-07-10 14:39:43.272191
"AUI","AUSTRALIAN UNITED INVESTMENT COMPANY LIMITED","Not Applic",1974-01-01,2403128368,1,2026-07-10 14:39:43.272191
"AUQ","ALARA RESOURCES LIMITED","Materials",2007-05-24,32926589,1,2026-07-10 14:39:43.272191
"AUR","AURIS MINERALS LIMITED","Materials",2001-03-15,21872641,1,2026-07-10 14:39:43.272191
"AUV","AURAVELLE METALS LIMITED","Materials",1990-08-23,7363809,1,2026-07-10 14:39:43.272191
"AUZ","AUSTRALIAN MINES LIMITED","Materials",2001-09-28,45330741,1,2026-07-10 14:39:43.272191
"AV1","ADVERITAS LIMITED","Software & Services",2012-12-18,72279374,1,2026-07-10 14:39:43.272191
"AVA","AVA RISK GROUP LIMITED","Technology Hardware & Equipment",2015-05-11,11061765,1,2026-07-10 14:39:43.272191
"AVD","AVADA GROUP LIMITED","Commercial & Professional Services",2021-12-17,8068827,1,2026-07-10 14:39:43.272191
"AVE","AVECHO BIOTECHNOLOGY LIMITED","Pharmaceuticals, Biotechnology & Life Sciences",1993-08-09,77274517,1,2026-07-10 14:39:43.272191
"AVG","AUSTRALIAN VINTAGE LTD","Food, Beverage & Tobacco",1992-03-26,22074016,1,2026-07-10 14:39:43.272191
"AVH","AVITA MEDICAL INC.","Pharmaceuticals, Biotechnology & Life Sciences",2020-06-24,215436823,1,2026-07-10 14:39:43.272191
"AVL","AUSTRALIAN VANADIUM LIMITED","Materials",2007-02-21,56344469,1,2026-07-10 14:39:43.272191
"AVM","ADVANCE METALS LIMITED","Materials",2007-12-20,31548997,1,2026-07-10 14:39:43.272191
"AVR","ANTERIS TECHNOLOGIES GLOBAL CORP.","Health Care Equipment & Services",2004-03-24,1375441993,1,2026-07-10 14:39:43.272191
"AVW","AVIRA RESOURCES LTD","Materials",2013-01-09,4025000,1,2026-07-10 14:39:43.272191
"AW1","AMERICAN WEST METALS LIMITED","Materials",2021-12-13,44264522,1,2026-07-10 14:39:43.272191
"AWJ","AURIC MINING LIMITED","Materials",2021-02-12,43031528,1,2026-07-10 14:39:43.272191
"AX1","ACCENT GROUP LIMITED","Consumer Discretionary Distribution & Retail",2004-07-07,435859614,1,2026-07-10 14:39:43.272191
"AX8","ACCELERATE RESOURCES LIMITED","Materials",2018-02-14,6255944,1,2026-07-10 14:39:43.272191
"AXE","ARCHER MATERIALS LIMITED","Semiconductors & Semiconductor Equipment",2007-08-14,68662335,1,2026-07-10 14:39:43.272191
"AXI","AXTEC LIMITED","Real Estate Management & Development",1997-01-31,7092978,1,2026-07-10 14:39:43.272191
"AXL","AXEL REE LIMITED","Materials",2024-07-23,13724450,1,2026-07-10 14:39:43.272191
"AXN","ALLIANCE NICKEL LIMITED","Materials",1980-08-21,22413888,1,2026-07-10 14:39:43.272191
"AXP","AXP ENERGY LIMITED","Energy",2006-07-20,2698401,1,2026-07-10 14:39:43.272191
"AXQ","AURA CONSOLIDATED GROUP, INC.","Class Pend",2026-07-09,,1,2026-07-10 14:39:43.272191
"AYA","ARTRYA LIMITED","Health Care Equipment & Services",2021-11-26,932151878,1,2026-07-10 14:39:43.272191
"AYM","AUSTRALIA UNITED MINING LIMITED","Materials",2011-09-19,3685155,1,2026-07-10 14:39:43.272191
"AYT","AUSTIN METALS LIMITED","Materials",2011-07-06,6576574,1,2026-07-10 14:39:43.272191
"AZ9","AZZURO RESOURCES PLC","Materials",2017-09-29,14772004,1,2026-07-10 14:39:43.272191
"AZI","ALTAMIN LIMITED","Materials",2009-12-24,17445049,1,2026-07-10 14:39:43.272191
"AZJ","AURIZON HOLDINGS LIMITED","Transportation",2010-11-22,7002558297,1,2026-07-10 14:39:43.272191
"AZY","ANTIPA MINERALS LIMITED","Materials",2011-04-20,384916350,1,2026-07-10 14:39:43.272191
"B4P","BEFOREPAY GROUP LIMITED","Financial Services",2022-01-17,64735945,1,2026-07-10 14:39:43.272191
"BAK","BARKLY RARE EARTHS LIMITED","Materials",2026-01-30,18687500,1,2026-07-10 14:39:43.272191
"BAP","BAPCOR LIMITED","Consumer Discretionary Distribution & Retail",2014-04-24,299375120,1,2026-07-10 14:39:43.272191
"BAS","BASS OIL LIMITED","Energy",2004-09-30,16515268,1,2026-07-10 14:39:43.272191
"BB1","BLINKLAB LIMITED","Health Care Equipment & Services",2024-04-04,104718010,1,2026-07-10 14:39:43.272191
"BBC","BNK BANKING CORPORATION LIMITED","Banks",2012-05-22,29695008,1,2026-07-10 14:39:43.272191
"BBL","BRISBANE BRONCOS LIMITED","Media & Entertainment",1989-05-12,132354853,1,2026-07-10 14:39:43.272191
"BBN","BABY BUNTING GROUP LIMITED","Consumer Discretionary Distribution & Retail",2015-10-14,187530006,1,2026-07-10 14:39:43.272191
"BBT","BETR ENTERTAINMENT LIMITED","Consumer Services",2021-07-02,204031613,1,2026-07-10 14:39:43.272191
"BC8","BLACK CAT SYNDICATE LIMITED","Materials",2018-01-30,666920601,1,2026-07-10 14:39:43.272191
"BCA","BLACK CANYON LIMITED","Materials",2021-05-05,53514082,1,2026-07-10 14:39:43.272191
"BCC","BEAM COMMUNICATIONS HOLDINGS LIMITED","Technology Hardware & Equipment",1986-11-06,4321096,1,2026-07-10 14:39:43.272191
"BCI","BCI MINERALS LIMITED","Materials",2006-12-15,1204407722,1,2026-07-10 14:39:43.272191
"BCK","BROCKMAN MINING LIMITED","Materials",2011-01-11,111362786,1,2026-07-10 14:39:43.272191
"BCM","BRAZILIAN CRITICAL MINERALS LIMITED","Materials",2005-08-12,104358060,1,2026-07-10 14:39:43.272191
"BCN","BEACON MINERALS LIMITED","Materials",2006-10-20,352718969,1,2026-07-10 14:39:43.272191
"BDM","BURGUNDY DIAMOND MINES LIMITED","Materials",2013-01-04,,1,2026-07-10 14:39:43.272191
"BDX","BCAL DIAGNOSTICS LIMITED","Pharmaceuticals, Biotechnology & Life Sciences",2021-07-21,26176514,1,2026-07-10 14:39:43.272191
"BEL","BENTLEY CAPITAL LIMITED","Not Applic",1986-11-07,837407,1,2026-07-10 14:39:43.272191
"BEN","BENDIGO AND ADELAIDE BANK LIMITED","Banks",1985-12-19,6195381150,1,2026-07-10 14:39:43.272191
"BEO","BEONIC LTD","Software & Services",1999-12-17,8469164,1,2026-07-10 14:39:43.272191
"BET","BETMAKERS TECHNOLOGY GROUP LTD","Consumer Services",2015-12-11,179245164,1,2026-07-10 14:39:43.272191
"BEZ","BESRA GOLD INC.","Materials",2021-10-08,41391990,1,2026-07-10 14:39:43.272191
"BFG","BELL FINANCIAL GROUP LIMITED","Financial Services",2007-12-12,477908483,1,2026-07-10 14:39:43.272191
"BFL","BSP FINANCIAL GROUP LIMITED","Banks",2021-05-25,3807842829,1,2026-07-10 14:39:43.272191
"BGA","BEGA CHEESE LIMITED","Food, Beverage & Tobacco",2011-08-19,1818158826,1,2026-07-10 14:39:43.272191
"BGD","BARTON GOLD HOLDINGS LIMITED","Materials",2021-06-28,208265995,1,2026-07-10 14:39:43.272191
"BGE","BRIDGE SAAS LIMITED","Software & Services",2022-10-06,4396902,1,2026-07-10 14:39:43.272191
"BGL","BELLEVUE GOLD LIMITED","Materials",2005-12-20,1937852303,1,2026-07-10 14:39:43.272191
"BGP","BRISCOE GROUP AUSTRALASIA LIMITED","Consumer Discretionary Distribution & Retail",2017-07-20,846602046,1,2026-07-10 14:39:43.272191
"BGT","BIO-GENE TECHNOLOGY LTD","Materials",2017-11-29,6563379,1,2026-07-10 14:39:43.272191
"BHD","BENJAMIN HORNIGOLD LIMITED","Not Applic",2017-05-12,5072601,1,2026-07-10 14:39:43.272191
"BHL","BLACK HORSE MINING LIMITED","Materials",2025-12-02,12606559,1,2026-07-10 14:39:43.272191
"BHM","BROKEN HILL MINES LIMITED","Materials",2022-07-28,198080238,1,2026-07-10 14:39:43.272191
"BHP","BHP GROUP LIMITED","Materials",1885-08-13,292230837012,1,2026-07-10 14:39:43.272191
"BIM","BINDI METALS LIMITED","Materials",2022-06-28,9669894,1,2026-07-10 14:39:43.272191
"BIO","BIOME AUSTRALIA LIMITED","Household & Personal Products",2021-11-30,61559469,1,2026-07-10 14:39:43.272191
"BIS","BISALLOY STEEL GROUP LIMITED","Materials",2003-06-23,217145379,1,2026-07-10 14:39:43.272191
"BIT","BIOTRON LIMITED","Pharmaceuticals, Biotechnology & Life Sciences",2001-01-24,6754679,1,2026-07-10 14:39:43.272191
"BKB","BLACK BEAR MINERALS LIMITED","Materials",2023-09-12,72406645,1,2026-07-10 14:39:43.272191
"BKI","BKI INVESTMENT COMPANY LIMITED","Not Applic",2003-12-12,1473019968,1,2026-07-10 14:39:43.272191
"BKT","BLACK ROCK MINING LIMITED","Materials",2003-12-10,23630574,1,2026-07-10 14:39:43.272191
"BKY","BERKELEY ENERGIA LIMITED","Energy",2003-09-16,200831914,1,2026-07-10 14:39:43.272191
"BLG","BLUGLASS LIMITED","Semiconductors & Semiconductor Equipment",2006-09-22,62707563,1,2026-07-10 14:39:43.272191
"BLS","BLS PHARMACEUTICALS LIMITED","Household & Personal Products",2000-12-14,186281914,1,2026-07-10 14:39:43.272191
"BLU","BLUE ENERGY LIMITED.","Energy",1994-10-13,9035921,1,2026-07-10 14:39:43.272191
"BLX","BEACON LIGHTING GROUP LIMITED","Consumer Discretionary Distribution & Retail",2014-04-15,368094144,1,2026-07-10 14:39:43.272191
"BLZ","BLAZE MINERALS LIMITED","Energy",1996-09-12,2925000,1,2026-07-10 14:39:43.272191
"BM1","BALLARD MINING LIMITED","Materials",2025-07-14,290947715,1,2026-07-10 14:39:43.272191
"BM8","BATTERY AGE MINERALS LTD","Materials",2020-11-04,11073878,1,2026-07-10 14:39:43.272191
"BMC","BMC MINERALS LTD.","Materials",2025-12-12,714063467,1,2026-07-10 14:39:43.272191
"BMH","BAUMART HOLDINGS LIMITED","Capital Goods",2015-06-19,2281652,1,2026-07-10 14:39:43.272191
"BML","BOAB METALS LIMITED","Materials",2004-07-15,219871227,1,2026-07-10 14:39:43.272191
"BMM","BAYAN MINING AND MINERALS LIMITED","Materials",2021-07-14,7335363,1,2026-07-10 14:39:43.272191
"BMN","BANNERMAN ENERGY LTD","Energy",2005-04-28,675387642,1,2026-07-10 14:39:43.272191
"BMR","BALLYMORE RESOURCES LIMITED","Materials",2021-09-03,35934664,1,2026-07-10 14:39:43.272191
"BMT","BEAMTREE HOLDINGS LIMITED","Health Care Equipment & Services",2019-06-06,37790501,1,2026-07-10 14:39:43.272191
"BNL","BLUE STAR HELIUM LIMITED","Energy",1994-11-24,30764575,1,2026-07-10 14:39:43.272191
"BNR","BULLETIN RESOURCES LIMITED","Materials",2010-12-20,11450920,1,2026-07-10 14:39:43.272191
"BNZ","BENZ MINING CORP.","Materials",2020-12-23,857404509,1,2026-07-10 14:39:43.272191
"BOA","BOA RESOURCES LTD","Materials",2012-10-11,19471690,1,2026-07-10 14:39:43.272191
"BOC","BOUGAINVILLE COPPER LIMITED","Materials",1970-12-31,84223125,1,2026-07-10 14:39:43.272191
"BOE","BOSS ENERGY LTD","Energy",2007-07-25,510665644,1,2026-07-10 14:39:43.272191
"BOL","BOOM LOGISTICS LIMITED","Capital Goods",2003-10-14,80591310,1,2026-07-10 14:39:43.272191
"BOQ","BANK OF QUEENSLAND LIMITED.","Banks",1971-08-24,4187101650,1,2026-07-10 14:39:43.272191
"BOT","BOTANIX PHARMACEUTICALS LTD","Pharmaceuticals, Biotechnology & Life Sciences",1985-01-24,65623507,1,2026-07-10 14:39:43.272191
"BP8","BPH GLOBAL LTD","Pharmaceuticals, Biotechnology & Life Sciences",2000-06-13,3530227,1,2026-07-10 14:39:43.272191
"BPG","BLACK PEARL GROUP LIMITED","Software & Services",2025-11-25,45731666,1,2026-07-10 14:39:43.272191
"BPH","BPH ENERGY LTD","Financial Services",2004-08-06,4738471,1,2026-07-10 14:39:43.272191
"BPM","BPM MINERALS LIMITED","Materials",2020-12-30,23923157,1,2026-07-10 14:39:43.272191
"BPP","BABYLON PUMP & POWER LIMITED","Capital Goods",1996-12-13,,1,2026-07-10 14:39:43.272191
"BPT","BEACH ENERGY LIMITED","Energy",1972-06-30,1961946944,1,2026-07-10 14:39:43.272191
"BRE","BRAZILIAN RARE EARTHS LIMITED","Materials",2023-12-21,1145828698,1,2026-07-10 14:39:43.272191
"BRG","BREVILLE GROUP LIMITED","Consumer Durables & Apparel",1999-05-25,4634833952,1,2026-07-10 14:39:43.272191
"BRI","BIG RIVER INDUSTRIES LIMITED","Materials",2017-05-01,133279750,1,2026-07-10 14:39:43.272191
"BRK","BROOKSIDE ENERGY LIMITED","Energy",2005-10-31,37582316,1,2026-07-10 14:39:43.272191
"BRL","BATHURST RESOURCES LIMITED.","Materials",2013-06-21,120026490,1,2026-07-10 14:39:43.272191
"BRN","BRAINCHIP HOLDINGS LTD","Software & Services",2011-11-09,341373772,1,2026-07-10 14:39:43.272191
"BRU","BURU ENERGY LIMITED","Energy",2008-09-01,14930360,1,2026-07-10 14:39:43.272191
"BRX","BELARAROX LIMITED","Materials",2022-01-28,12853771,1,2026-07-10 14:39:43.272191
"BRYDB","BARYS RESOURCES LIMITED","Materials",2011-07-01,,1,2026-07-10 14:39:43.272191
"BSA","BSA LIMITED","Commercial & Professional Services",1999-11-15,23343081,1,2026-07-10 14:39:43.272191
"BSL","BLUESCOPE STEEL LIMITED","Materials",2002-07-15,14206851087,1,2026-07-10 14:39:43.272191
"BSN","BASIN ENERGY LIMITED","Energy",2022-10-04,6823961,1,2026-07-10 14:39:43.272191
"BSR","BISON RESOURCES LIMITED","Materials",2026-04-16,24181250,1,2026-07-10 14:39:43.272191
"BST","BORESIGHT LTD","Capital Goods",2026-06-10,63751949,1,2026-07-10 14:39:43.272191
"BSX","BLACKSTONE MINERALS LIMITED","Materials",2017-01-23,70588054,1,2026-07-10 14:39:43.272191
"BTC","BTC HEALTH LTD","Not Applic",2000-08-29,20732358,1,2026-07-10 14:39:43.272191
"BTE","BOTALA ENERGY LTD","Energy",2022-07-14,19899499,1,2026-07-10 14:39:43.272191
"BTI","BAILADOR TECHNOLOGY INVESTMENTS LIMITED","Financial Services",2014-11-21,145148793,1,2026-07-10 14:39:43.272191
"BTL","BEETALOO ENERGY AUSTRALIA LIMITED","Energy",1984-08-30,391744373,1,2026-07-10 14:39:43.272191
"BTM","BREAKTHROUGH MINERALS LIMITED","Energy",2007-07-04,32982685,1,2026-07-10 14:39:43.272191
"BTN","BUTN LIMITED","Financial Services",2021-07-06,6865055,1,2026-07-10 14:39:43.272191
"BTR","BRIGHTSTAR RESOURCES LIMITED","Materials",2003-12-05,367809095,1,2026-07-10 14:39:43.272191
"BUB","BUBS AUSTRALIA LIMITED","Food, Beverage & Tobacco",1993-10-05,72424533,1,2026-07-10 14:39:43.272191
"BUR","BURLEY MINERALS LTD","Materials",2021-07-07,4944997,1,2026-07-10 14:39:43.272191
"BUS","BUBALUS RESOURCES LIMITED","Materials",2022-10-13,5241601,1,2026-07-10 14:39:43.272191
"BUX","BUXTON RESOURCES LIMITED","Materials",2007-10-23,20401240,1,2026-07-10 14:39:43.272191
"BUY","BOUNTY OIL & GAS NL","Energy",2002-02-05,15756614,1,2026-07-10 14:39:43.272191
"BVR","BELLAVISTA RESOURCES LTD","Materials",2022-05-25,83150075,1,2026-07-10 14:39:43.272191
"BVS","BRAVURA SOLUTIONS LIMITED.","Software & Services",2016-11-16,919014949,1,2026-07-10 14:39:43.272191
"BWF","BLACKWALL LIMITED","Financial Services",2011-10-21,24351197,1,2026-07-10 14:39:43.272191
"BWN","BHAGWAN MARINE LIMITED","Transportation",2024-07-30,127088467,1,2026-07-10 14:39:43.272191
"BWP","BWP GROUP","Equity Real Estate Investment Trusts (REITs)",1998-09-16,2999224291,1,2026-07-10 14:39:43.272191
"BXB","BRAMBLES LIMITED","Commercial & Professional Services",2006-11-27,25859144682,1,2026-07-10 14:39:43.272191
"C1X","COSMOS EXPLORATION LIMITED","Materials",2021-12-01,25402985,1,2026-07-10 14:39:43.272191
"C29","C29 METALS LIMITED","Materials",2021-11-03,2911809,1,2026-07-10 14:39:43.272191
"C79","CHRYSOS CORPORATION LIMITED","Commercial & Professional Services",2022-05-06,624446952,1,2026-07-10 14:39:43.272191
"C7A","CLARA RESOURCES AUSTRALIA LTD","Materials",2010-10-21,6428996,1,2026-07-10 14:39:43.272191
"CAA","CAPRAL LIMITED","Materials",1986-11-20,176644589,1,2026-07-10 14:39:43.272191
"CAE","CANNINDAH RESOURCES LIMITED","Materials",2005-05-20,48677226,1,2026-07-10 14:39:43.272191
"CAF","CENTREPOINT ALLIANCE LIMITED","Financial Services",2002-06-25,83844210,1,2026-07-10 14:39:43.272191
"CAM","CLIME CAPITAL LIMITED","Not Applic",2004-02-03,95641803,1,2026-07-10 14:39:43.272191
"CAN","CANN GROUP LIMITED","Pharmaceuticals, Biotechnology & Life Sciences",2017-05-04,6642374,1,2026-07-10 14:39:43.272191
"CAQ","CAQ HOLDINGS LIMITED","Real Estate Management & Development",2005-07-25,6460077,1,2026-07-10 14:39:43.272191
"CAR","CAR GROUP LIMITED","Media & Entertainment",2009-09-10,10001868281,1,2026-07-10 14:39:43.272191
"CAT","CATAPULT SPORTS LTD","Software & Services",2014-12-19,1071157050,1,2026-07-10 14:39:43.272191
"CAV","CARNAVALE RESOURCES LIMITED","Materials",2007-03-15,33461376,1,2026-07-10 14:39:43.272191
"CAY","CANYON RESOURCES LIMITED","Materials",2010-06-15,181466125,1,2026-07-10 14:39:43.272191
"CAZ","CAZALY RESOURCES LIMITED","Materials",2003-10-31,12369646,1,2026-07-10 14:39:43.272191
"CBA","COMMONWEALTH BANK OF AUSTRALIA.","Banks",1991-09-12,281442899368,1,2026-07-10 14:39:43.272191
"CBE","COBRE LIMITED","Materials",2020-01-31,318918262,1,2026-07-10 14:39:43.272191
"CBL","CONTROL BIONICS LIMITED","Health Care Equipment & Services",2020-12-07,32700428,1,2026-07-10 14:39:43.272191
"CBO","COBRAM ESTATE OLIVES LIMITED","Food, Beverage & Tobacco",2021-08-11,1800254878,1,2026-07-10 14:39:43.272191
"CBY","CANTERBURY RESOURCES LIMITED","Materials",2019-03-07,12866116,1,2026-07-10 14:39:43.272191
"CC5","CLEVER CULTURE SYSTEMS LIMITED","Health Care Equipment & Services",2006-07-31,45772079,1,2026-07-10 14:39:43.272191
"CC9","CHARIOT RESOURCES LTD","Materials",2023-10-27,13386618,1,2026-07-10 14:39:43.272191
"CCA","CHANGE FINANCIAL LIMITED","Financial Services",2016-06-30,51093523,1,2026-07-10 14:39:43.272191
"CCE","CARNEGIE CLEAN ENERGY LIMITED","Utilities",1993-10-26,90951129,1,2026-07-10 14:39:43.272191
"CCG","COMMS GROUP LTD","Telecommunication Services",2017-12-21,46540901,1,2026-07-10 14:39:43.272191
"CCL","CUSCAL LIMITED","Financial Services",2024-11-25,995066843,1,2026-07-10 14:39:43.272191
"CCM","CADOUX LIMITED","Materials",1994-01-20,12803026,1,2026-07-10 14:39:43.272191
"CCO","THE CALMER CO INTERNATIONAL LIMITED","Household & Personal Products",2018-12-20,7042258,1,2026-07-10 14:39:43.272191
"CCP","CREDIT CORP GROUP LIMITED","Financial Services",2000-09-04,876701105,1,2026-07-10 14:39:43.272191
"CCR","CREDIT CLEAR LIMITED","Software & Services",2020-10-27,67587305,1,2026-07-10 14:39:43.272191
"CCV","CASH CONVERTERS INTERNATIONAL","Financial Services",1997-02-07,227687339,1,2026-07-10 14:39:43.272191
"CCX","CITY CHIC COLLECTIVE LIMITED","Consumer Discretionary Distribution & Retail",1998-05-28,17717258,1,2026-07-10 14:39:43.272191
"CD1","CD PRIVATE EQUITY FUND I","Not Applic",2012-08-14,11696378,1,2026-07-10 14:39:43.272191
"CD2","CD PRIVATE EQUITY FUND II","Not Applic",2013-04-09,17580494,1,2026-07-10 14:39:43.272191
"CD3","CD PRIVATE EQUITY FUND III","Not Applic",2016-07-27,65545862,1,2026-07-10 14:39:43.272191
"CDA","CODAN LIMITED","Technology Hardware & Equipment",2003-11-27,7820638760,1,2026-07-10 14:39:43.272191
"CDE","CODEIFAI LIMITED","Commercial & Professional Services",2005-03-07,8584469,1,2026-07-10 14:39:43.272191
"CDM","CADENCE CAPITAL LIMITED","Not Applic",2006-12-05,222707799,1,2026-07-10 14:39:43.272191
"CDO","CADENCE OPPORTUNITIES FUND LIMITED.","Not Applic",2021-11-19,36718999,1,2026-07-10 14:39:43.272191
"CDP","CARINDALE PROPERTY TRUST","Equity Real Estate Investment Trusts (REITs)",1996-11-28,459191532,1,2026-07-10 14:39:43.272191
"CDR","CODRUS MINERALS LIMITED","Materials",2021-06-23,4548156,1,2026-07-10 14:39:43.272191
"CDT","CASTLE MINERALS LIMITED","Materials",2006-05-02,12931624,1,2026-07-10 14:39:43.272191
"CEH","COAST ENTERTAINMENT HOLDINGS LIMITED","Consumer Services",2018-11-30,174852843,1,2026-07-10 14:39:43.272191
"CEL","CHALLENGER GOLD LIMITED","Materials",2007-11-07,329034192,1,2026-07-10 14:39:43.272191
"CEN","CONTACT ENERGY LIMITED","Utilities",2015-09-24,7665690415,1,2026-07-10 14:39:43.272191
"CF1","COMPLII FINTECH SOLUTIONS LTD","Software & Services",2001-12-18,15684973,1,2026-07-10 14:39:43.272191
"CG1","CARBONXT GROUP LIMITED","Materials",2018-01-23,35099761,1,2026-07-10 14:39:43.272191
"CGF","CHALLENGER LIMITED","Financial Services",2003-12-23,7102114679,1,2026-07-10 14:39:43.272191
"CGO","CPT GLOBAL LIMITED","Software & Services",2000-09-08,,1,2026-07-10 14:39:43.272191
"CGR","CGN RESOURCES LIMITED","Materials",2023-10-18,6334526,1,2026-07-10 14:39:43.272191
"CGS","COGSTATE LTD","Health Care Equipment & Services",2004-02-13,456988907,1,2026-07-10 14:39:43.272191
"CHC","CHARTER HALL GROUP","Equity Real Estate Investment Trusts (REITs)",2005-06-10,10685006725,1,2026-07-10 14:39:43.272191
"CHI","CHANNEL INFRASTRUCTURE NZ LIMITED","Energy",2025-12-19,1089843499,1,2026-07-10 14:39:43.272191
"CHL","CAMPLIFY HOLDINGS LIMITED","Transportation",2021-06-28,17678461,1,2026-07-10 14:39:43.272191
"CHM","CHIMERIC THERAPEUTICS LIMITED","Pharmaceuticals, Biotechnology & Life Sciences",2021-01-18,3107440,1,2026-07-10 14:39:43.272191
"CHN","CHALICE MINING LIMITED","Materials",2006-03-24,466244234,1,2026-07-10 14:39:43.272191
"CHR","CHARGER METALS NL","Materials",2021-07-09,7820934,1,2026-07-10 14:39:43.272191
"CHRCB","CHARGER METALS NL","Materials",2021-07-09,7820934,1,2026-07-10 14:39:43.272191
"CHW","CHILWA MINERALS LTD","Materials",2023-07-05,86245361,1,2026-07-10 14:39:43.272191
"CIA","CHAMPION IRON LIMITED","Materials",2007-06-08,2172982057,1,2026-07-10 14:39:43.272191
"CIN","CARLTON INVESTMENTS LIMITED","Not Applic",1970-06-30,887454332,1,2026-07-10 14:39:43.272191
"CIP","CENTURIA INDUSTRIAL REIT","Equity Real Estate Investment Trusts (REITs)",2012-12-13,1879408094,1,2026-07-10 14:39:43.272191
"CIW","CLIME INVESTMENT MANAGEMENT LTD","Financial Services",2000-12-15,24503445,1,2026-07-10 14:39:43.272191
"CKA","COKAL LIMITED","Materials",2000-04-17,53947449,1,2026-07-10 14:39:43.272191
"CKF","COLLINS FOODS LIMITED","Consumer Services",2011-08-04,942724705,1,2026-07-10 14:39:43.272191
"CL8","CL8 HOLDINGS LIMITED","Transportation",1996-09-09,,1,2026-07-10 14:39:43.272191
"CLA","CELSIUS RESOURCES LIMITED.","Materials",1988-03-24,29777654,1,2026-07-10 14:39:43.272191
"CLG","CLOSE THE LOOP LTD.","Commercial & Professional Services",2021-12-02,15478746,1,2026-07-10 14:39:43.272191
"CLU","CLUEY LTD","Consumer Services",2020-12-09,5003682,1,2026-07-10 14:39:43.272191
"CLV","CLOVER CORPORATION LIMITED","Materials",1999-11-30,127754496,1,2026-07-10 14:39:43.272191
"CLW","CHARTER HALL LONG WALE REIT","Equity Real Estate Investment Trusts (REITs)",2016-11-08,2632260643,1,2026-07-10 14:39:43.272191
"CLX","CTI LOGISTICS LIMITED","Transportation",1987-12-02,214381690,1,2026-07-10 14:39:43.272191
"CLZ","CLASSIC MINERALS LTD","Materials",2013-05-24,,1,2026-07-10 14:39:43.272191
"CMA","CARMA LIMITED","Consumer Discretionary Distribution & Retail",2025-11-05,120927184,1,2026-07-10 14:39:43.272191
"CMB","CAMBIUM BIO LIMITED","Pharmaceuticals, Biotechnology & Life Sciences",2013-09-19,11069427,1,2026-07-10 14:39:43.272191
"CMD","CASSIUS MINING LIMITED","Materials",2006-08-10,21836586,1,2026-07-10 14:39:43.272191
"CMG","CRITICAL MINERALS GROUP LIMITED","Materials",2022-09-27,10044245,1,2026-07-10 14:39:43.272191
"CML","CONNECTED MINERALS LIMITED","Technology Hardware & Equipment",1984-08-16,20107708,1,2026-07-10 14:39:43.272191
"CMM","CAPRICORN METALS LTD","Materials",2008-07-07,6038734571,1,2026-07-10 14:39:43.272191
"CMO","COSMO METALS LIMITED","Materials",2022-01-31,4164762,1,2026-07-10 14:39:43.272191
"CMP","COMPUMEDICS LIMITED","Health Care Equipment & Services",2000-12-21,50939247,1,2026-07-10 14:39:43.272191
"CMW","CROMWELL PROPERTY GROUP","Equity Real Estate Investment Trusts (REITs)",1973-02-22,1099924014,1,2026-07-10 14:39:43.272191
"CMX","CHEMX MATERIALS LIMITED","Materials",2022-01-18,,1,2026-07-10 14:39:43.272191
"CNB","CARNABY RESOURCES LIMITED","Materials",2016-08-30,149104727,1,2026-07-10 14:39:43.272191
"CND","CONDOR ENERGY LIMITED","Energy",2005-05-25,14685045,1,2026-07-10 14:39:43.272191
"CNI","CENTURIA CAPITAL GROUP","Equity Real Estate Investment Trusts (REITs)",2002-03-26,1746709981,1,2026-07-10 14:39:43.272191
"CNJ","CONICO LTD","Materials",2007-06-18,5215896,1,2026-07-10 14:39:43.272191
"CNQ","CLEAN TEQ WATER LIMITED","Commercial & Professional Services",2021-07-02,41136358,1,2026-07-10 14:39:43.272191
"CNU","CHORUS LIMITED","Telecommunication Services",2011-11-21,3410354131,1,2026-07-10 14:39:43.272191
"COB","COBALT BLUE HOLDINGS LIMITED","Materials",2017-02-02,38185213,1,2026-07-10 14:39:43.272191
"COD","CODA MINERALS LTD","Materials",2020-10-28,47190156,1,2026-07-10 14:39:43.272191
"COF","CENTURIA OFFICE REIT","Equity Real Estate Investment Trusts (REITs)",2014-12-10,534616553,1,2026-07-10 14:39:43.272191
"COG","COG FINANCIAL SERVICES LIMITED","Financial Services",2003-01-28,297515908,1,2026-07-10 14:39:43.272191
"COH","COCHLEAR LIMITED","Health Care Equipment & Services",1995-12-04,8163092820,1,2026-07-10 14:39:43.272191
"COI","COMET RIDGE LIMITED","Energy",2004-04-16,134537241,1,2026-07-10 14:39:43.272191
"COL","COLES GROUP LIMITED.","Consumer Staples Distribution & Retail",2018-11-21,31442988422,1,2026-07-10 14:39:43.272191
"COS","COSOL LIMITED","Software & Services",2020-01-24,36397759,1,2026-07-10 14:39:43.272191
"COV","CLEO DIAGNOSTICS LTD","Pharmaceuticals, Biotechnology & Life Sciences",2023-08-22,65813801,1,2026-07-10 14:39:43.272191
"COY","COPPERMOLY LIMITED","Materials",2008-01-31,3530630,1,2026-07-10 14:39:43.272191
"CP8","CANADIAN PHOSPHATE LIMITED","Materials",2013-09-02,42733523,1,2026-07-10 14:39:43.272191
"CPM","COOPER METALS LIMITED","Materials",2021-11-19,5582840,1,2026-07-10 14:39:43.272191
"CPN","CASPIN RESOURCES LIMITED","Materials",2020-11-25,32433480,1,2026-07-10 14:39:43.272191
"CPO","CULPEO MINERALS LIMITED","Materials",2021-09-10,9520674,1,2026-07-10 14:39:43.272191
"CPU","COMPUTERSHARE LIMITED.","Commercial & Professional Services",1994-05-27,22562879601,1,2026-07-10 14:39:43.272191
"CPV","CLEARVUE TECHNOLOGIES LIMITED","Capital Goods",2018-05-25,31789501,1,2026-07-10 14:39:43.272191
"CQE","CHARTER HALL SOCIAL INFRASTRUCTURE REIT","Equity Real Estate Investment Trusts (REITs)",2003-05-22,987149294,1,2026-07-10 14:39:43.272191
"CQR","CHARTER HALL RETAIL REIT","Equity Real Estate Investment Trusts (REITs)",1995-11-15,2272607771,1,2026-07-10 14:39:43.272191
"CQT","CONNEQT HEALTH LIMITED","Health Care Equipment & Services",2005-11-09,19013977,1,2026-07-10 14:39:43.272191
"CR1","CONSTELLATION RESOURCES LIMITED","Materials",2018-07-30,10451278,1,2026-07-10 14:39:43.272191
"CR3","CORE ENERGY MINERALS LTD","Materials",1998-12-17,5702821,1,2026-07-10 14:39:43.272191
"CRB","CARBINE RESOURCES LIMITED","Materials",2007-03-16,11918657,1,2026-07-10 14:39:43.272191
"CRD","CONRAD ASIA ENERGY LTD.","Energy",2022-10-27,124515034,1,2026-07-10 14:39:43.272191
"CRI","CRITICA LIMITED","Materials",2006-09-22,57585316,1,2026-07-10 14:39:43.272191
"CRN","CORONADO GLOBAL RESOURCES INC.","Materials",2018-10-23,268232597,1,2026-07-10 14:39:43.272191
"CRR","CRITICAL RESOURCES LIMITED","Materials",2010-12-03,25552684,1,2026-07-10 14:39:43.272191
"CRS","CAPRICE RESOURCES LTD","Materials",2018-12-05,72917780,1,2026-07-10 14:39:43.272191
"CSC","CAPSTONE COPPER CORP.","Materials",2024-02-02,12132174167,1,2026-07-10 14:39:43.272191
"CSL","CSL LIMITED","Pharmaceuticals, Biotechnology & Life Sciences",1994-06-08,59528758990,1,2026-07-10 14:39:43.272191
"CST","CASTILE RESOURCES LTD","Materials",2020-02-14,27595861,1,2026-07-10 14:39:43.272191
"CSX","CLEANSPACE HOLDINGS LIMITED","Health Care Equipment & Services",2020-10-23,31740611,1,2026-07-10 14:39:43.272191
"CT1","CONSTELLATION TECHNOLOGIES LIMITED","Technology Hardware & Equipment",1987-10-08,3718084,1,2026-07-10 14:39:43.272191
"CTD","CORPORATE TRAVEL MANAGEMENT LIMITED","Consumer Services",2010-12-15,,1,2026-07-10 14:39:43.272191
"CTE","CRYOSITE LIMITED","Pharmaceuticals, Biotechnology & Life Sciences",2002-05-09,61011954,1,2026-07-10 14:39:43.272191
"CTM","CENTAURUS METALS LIMITED","Materials",1989-01-12,243649526,1,2026-07-10 14:39:43.272191
"CTN","CATALINA RESOURCES LTD","Materials",2010-02-18,9171708,1,2026-07-10 14:39:43.272191
"CTO","CITIGOLD CORPORATION LIMITED","Materials",1993-12-23,2.7e+07,1,2026-07-10 14:39:43.272191
"CTP","CENTRAL PETROLEUM LIMITED","Energy",2006-03-07,44413073,1,2026-07-10 14:39:43.272191
"CTQ","CARETEQ LIMITED","Health Care Equipment & Services",2022-01-10,9530543,1,2026-07-10 14:39:43.272191
"CTT","CETTIRE LIMITED","Consumer Discretionary Distribution & Retail",2020-12-18,80060026,1,2026-07-10 14:39:43.272191
"CU6","CLARITY PHARMACEUTICALS LTD","Pharmaceuticals, Biotechnology & Life Sciences",2021-08-25,899125764,1,2026-07-10 14:39:43.272191
"CUE","CUE ENERGY RESOURCES LIMITED","Energy",1995-12-11,77348782,1,2026-07-10 14:39:43.272191
"CUF","CUFE LTD","Materials",2005-10-13,124407904,1,2026-07-10 14:39:43.272191
"CUL","CULLEN RESOURCES LIMITED","Materials",1988-11-23,4160411,1,2026-07-10 14:39:43.272191
"CUP","COUNT LIMITED","Commercial & Professional Services",2010-12-22,222897563,1,2026-07-10 14:39:43.272191
"CUV","CLINUVEL PHARMACEUTICALS LIMITED","Pharmaceuticals, Biotechnology & Life Sciences",2001-02-13,518398791,1,2026-07-10 14:39:43.272191
"CVB","CURVEBEAM AI LIMITED","Health Care Equipment & Services",2023-08-23,8709231,1,2026-07-10 14:39:43.272191
"CVC","CVC LIMITED","Financial Services",1985-06-27,215777166,1,2026-07-10 14:39:43.272191
"CVL","CIVMEC LIMITED","Capital Goods",2018-06-22,947902500,1,2026-07-10 14:39:43.272191
"CVN","CARNARVON ENERGY LIMITED","Energy",1984-08-16,187854123,1,2026-07-10 14:39:43.272191
"CVR","CAVALIER RESOURCES LIMITED","Materials",2022-06-17,19589584,1,2026-07-10 14:39:43.272191
"CVV","CARAVEL MINERALS LIMITED","Materials",2006-11-03,128515388,1,2026-07-10 14:39:43.272191
"CVW","CLEARVIEW WEALTH LIMITED","Insurance",2003-12-11,408245179,1,2026-07-10 14:39:43.272191
"CWP","CEDAR WOODS PROPERTIES LIMITED","Real Estate Management & Development",1994-08-31,590425719,1,2026-07-10 14:39:43.272191
"CWY","CLEANAWAY WASTE MANAGEMENT LIMITED","Commercial & Professional Services",2005-05-03,5378903436,1,2026-07-10 14:39:43.272191
"CXL","CALIX LIMITED","Materials",2018-07-20,82050953,1,2026-07-10 14:39:43.272191
"CXO","CORE LITHIUM LTD","Materials",2011-02-11,825384424,1,2026-07-10 14:39:43.272191
"CXU","CAULDRON ENERGY LIMITED","Energy",2005-01-28,191475841,1,2026-07-10 14:39:43.272191
"CXZ","CONNEXION MOBILITY LTD","Software & Services",1974-01-01,15337903,1,2026-07-10 14:39:43.272191
"CY5","CYGNUS METALS LIMITED","Materials",2018-01-15,153120418,1,2026-07-10 14:39:43.272191
"CYB","AUCYBER LIMITED","Software & Services",2020-12-14,8349905,1,2026-07-10 14:39:43.272191
"CYC","CYCLOPHARM LIMITED","Health Care Equipment & Services",2007-01-18,57837707,1,2026-07-10 14:39:43.272191
"CYG","COVENTRY GROUP LIMITED","Capital Goods",1966-01-27,45196404,1,2026-07-10 14:39:43.272191
"CYL","CATALYST METALS LIMITED","Materials",2006-07-26,1521309397,1,2026-07-10 14:39:43.272191
"CYM","CYPRIUM METALS LIMITED","Materials",1985-04-26,245683886,1,2026-07-10 14:39:43.272191
"CYP","CYNATA THERAPEUTICS LIMITED","Pharmaceuticals, Biotechnology & Life Sciences",2007-12-20,3408361,1,2026-07-10 14:39:43.272191
"CYQ","CYCLIQ GROUP LTD","Consumer Durables & Apparel",2007-11-21,2302583,1,2026-07-10 14:39:43.272191
"CYV","CERYVYN THERAPEUTICS LIMITED","Pharmaceuticals, Biotechnology & Life Sciences",1991-04-18,17783716,1,2026-07-10 14:39:43.272191
"CZN","CORAZON MINING LIMITED","Materials",2005-06-30,22945936,1,2026-07-10 14:39:43.272191
"CZR","CZR RESOURCES LTD","Materials",2006-08-29,47277338,1,2026-07-10 14:39:43.272191
"D3E","D3 ENERGY LIMITED","Energy",2024-05-13,51374002,1,2026-07-10 14:39:43.272191
"DAF","DISCOVERY ALASKA LIMITED","Materials",2011-09-22,2583597,1,2026-07-10 14:39:43.272191
"DAI","DECIDR AI INDUSTRIES LTD","Food, Beverage & Tobacco",2020-12-14,154983175,1,2026-07-10 14:39:43.272191
"DAL","DALAROO METALS LTD","Materials",2021-09-28,26544384,1,2026-07-10 14:39:43.272191
"DBF","DUXTON FARMS LTD","Food, Beverage & Tobacco",2018-02-08,50350907,1,2026-07-10 14:39:43.272191
"DBI","DALRYMPLE BAY INFRASTRUCTURE LIMITED","Transportation",2020-12-08,2820883885,1,2026-07-10 14:39:43.272191
"DBO","DIABLO RESOURCES LIMITED","Materials",2021-10-12,6565949,1,2026-07-10 14:39:43.272191
"DCC","DIGITALX LIMITED","Software & Services",1989-02-06,37212771,1,2026-07-10 14:39:43.272191
"DDR","DICKER DATA LIMITED","Technology Hardware & Equipment",2011-01-24,2174759233,1,2026-07-10 14:39:43.272191
"DDT","DATADOT TECHNOLOGY LIMITED","Automobiles & Components",2005-01-12,3655836,1,2026-07-10 14:39:43.272191
"DEL","DELOREAN CORPORATION LIMITED","Utilities",2021-04-12,25301156,1,2026-07-10 14:39:43.272191
"DEM","DE.MEM LIMITED","Utilities",2017-04-07,32037420,1,2026-07-10 14:39:43.272191
"DES","DESOTO RESOURCES LIMITED","Materials",2022-12-16,31830342,1,2026-07-10 14:39:43.272191
"DEV","DEVEX RESOURCES LIMITED","Energy",2000-10-03,173969704,1,2026-07-10 14:39:43.272191
"DGH","DESANE GROUP HOLDINGS LIMITED","Real Estate Management & Development",1987-09-04,30887042,1,2026-07-10 14:39:43.272191
"DGL","DGL GROUP LIMITED","Materials",2021-05-24,88419831,1,2026-07-10 14:39:43.272191
"DGR","DGR GLOBAL LIMITED","Materials",2003-08-21,30267183,1,2026-07-10 14:39:43.272191
"DGT","DIGICO INFRASTRUCTURE REIT","Class Pend",2024-12-13,1395789643,1,2026-07-10 14:39:43.272191
"DJW","DJERRIWARRH INVESTMENTS LIMITED","Not Applic",1995-06-28,765697844,1,2026-07-10 14:39:43.272191
"DKM","DUKETON MINING LIMITED","Materials",2014-08-04,15569992,1,2026-07-10 14:39:43.272191
"DLI","DELTA LITHIUM LIMITED","Materials",2017-11-03,125858167,1,2026-07-10 14:39:43.272191
"DLY","DALY RESOURCES LIMITED","Materials",2026-06-23,19565000,1,2026-07-10 14:39:43.272191
"DM1","DESERT METALS LIMITED","Materials",2020-12-18,6688788,1,2026-07-10 14:39:43.272191
"DME","DOME GOLD MINES LIMITED","Materials",2013-10-22,17215398,1,2026-07-10 14:39:43.272191
"DMG","DRAGON MOUNTAIN GOLD LIMITED","Materials",2007-07-31,3157373,1,2026-07-10 14:39:43.272191
"DMP","DOMINO'S PIZZA ENTERPRISES LIMITED","Consumer Services",2005-05-16,1540584041,1,2026-07-10 14:39:43.272191
"DN1","DOMINION INCOME TRUST 1","Not Applic",2025-03-04,344689500,1,2026-07-10 14:39:43.272191
"DNL","DYNO NOBEL LIMITED.","Materials",2003-07-28,6625586272,1,2026-07-10 14:39:43.272191
"DOC","DOCTOR CARE ANYWHERE GROUP PLC","Health Care Equipment & Services",2020-12-04,47676440,1,2026-07-10 14:39:43.272191
"DOW","DOWNER EDI LIMITED","Commercial & Professional Services",1990-12-20,5127103145,1,2026-07-10 14:39:43.272191
"DPM","DPM METALS INC.","Materials",2025-09-18,11658909717,1,2026-07-10 14:39:43.272191
"DRE","DREADNOUGHT RESOURCES LTD","Materials",2006-10-31,80152800,1,2026-07-10 14:39:43.272191
"DRO","DRONESHIELD LIMITED","Capital Goods",2016-06-22,2143890605,1,2026-07-10 14:39:43.272191
"DRR","DETERRA ROYALTIES LIMITED","Materials",2020-10-23,2377259712,1,2026-07-10 14:39:43.272191
"DRX","DIATREME RESOURCES LIMITED","Materials",2005-06-22,60099382,1,2026-07-10 14:39:43.272191
"DSK","DUSK GROUP LIMITED","Consumer Discretionary Distribution & Retail",2020-11-02,47946256,1,2026-07-10 14:39:43.272191
"DSM","DESERT MINERALS LTD","Materials",2025-10-21,21349203,1,2026-07-10 14:39:43.272191
"DTL","DATA#3 LIMITED","Software & Services",1997-12-23,1462384041,1,2026-07-10 14:39:43.272191
"DTM","DART MINING NL","Materials",2007-05-10,3932037,1,2026-07-10 14:39:43.272191
"DTR","DATELINE RESOURCES LIMITED","Materials",2011-06-23,492188565,1,2026-07-10 14:39:43.272191
"DTZ","DOTZ NANO LIMITED","Technology Hardware & Equipment",2007-12-13,19244802,1,2026-07-10 14:39:43.272191
"DUB","DUBBER CORPORATION LIMITED","Software & Services",2000-06-30,29829553,1,2026-07-10 14:39:43.272191
"DUG","DUG TECHNOLOGY LTD","Software & Services",2020-08-12,284594405,1,2026-07-10 14:39:43.272191
"DUN","DUNDAS MINERALS LIMITED","Materials",2021-11-10,10811158,1,2026-07-10 14:39:43.272191
"DUR","DURATEC LIMITED","Capital Goods",2020-11-04,598931808,1,2026-07-10 14:39:43.272191
"DVL","DORSAVI LTD","Pharmaceuticals, Biotechnology & Life Sciences",2013-12-11,35815825,1,2026-07-10 14:39:43.272191
"DVP","DEVELOP GLOBAL LIMITED","Materials",2007-04-27,1937014738,1,2026-07-10 14:39:43.272191
"DWG","DATAWORKS GROUP LIMITED","Software & Services",2017-11-15,14427606,1,2026-07-10 14:39:43.272191
"DXB","DIMERIX LIMITED","Pharmaceuticals, Biotechnology & Life Sciences",1993-02-04,144095226,1,2026-07-10 14:39:43.272191
"DXC","DEXUS CONVENIENCE RETAIL REIT","Equity Real Estate Investment Trusts (REITs)",2017-07-27,367677621,1,2026-07-10 14:39:43.272191
"DXI","DEXUS INDUSTRIA REIT.","Equity Real Estate Investment Trusts (REITs)",2013-12-03,765590337,1,2026-07-10 14:39:43.272191
"DXN","DXN LIMITED","Software & Services",2018-04-11,71906419,1,2026-07-10 14:39:43.272191
"DXS","DEXUS","Equity Real Estate Investment Trusts (REITs)",2004-10-06,6060133297,1,2026-07-10 14:39:43.272191
"DYL","DEEP YELLOW LIMITED","Energy",1985-12-19,1305046227,1,2026-07-10 14:39:43.272191
"DYM","DYNAMIC METALS LIMITED","Materials",2023-01-16,24139391,1,2026-07-10 14:39:43.272191
"E25","ELEMENT 25 LIMITED","Materials",2006-11-09,73307380,1,2026-07-10 14:39:43.272191
"E79","E79 GOLD MINES LIMITED","Materials",2021-10-07,7778225,1,2026-07-10 14:39:43.272191
"EAX","ENERGY ACTION LIMITED","Commercial & Professional Services",2011-10-13,15501943,1,2026-07-10 14:39:43.272191
"EBO","EBOS GROUP LIMITED","Health Care Equipment & Services",2013-12-06,3714978724,1,2026-07-10 14:39:43.272191
"EBR","EBR SYSTEMS INC.","Health Care Equipment & Services",2021-11-24,297510974,1,2026-07-10 14:39:43.272191
"ECH","ECHELON RESOURCES LIMITED","Energy",2020-09-25,77263039,1,2026-07-10 14:39:43.272191
"ECL","EXCELSIOR CAPITAL LTD","Capital Goods",1993-04-22,26095022,1,2026-07-10 14:39:43.272191
"ECP","ECP EMERGING GROWTH LIMITED","Not Applic",2014-08-14,12951684,1,2026-07-10 14:39:43.272191
"ECS","ECS BOTANICS HOLDINGS LTD","Pharmaceuticals, Biotechnology & Life Sciences",1986-03-13,8005248,1,2026-07-10 14:39:43.272191
"ECT","ENVIRONMENTAL CLEAN TECHNOLOGIES LIMITED.","Commercial & Professional Services",1986-02-05,49930790,1,2026-07-10 14:39:43.272191
"EDE","EDEN INNOVATIONS LTD","Energy",2006-06-06,73335624,1,2026-07-10 14:39:43.272191
"EDU","EDU HOLDINGS LIMITED","Consumer Services",2004-06-25,126244133,1,2026-07-10 14:39:43.272191
"EDV","ENDEAVOUR GROUP LIMITED","Consumer Staples Distribution & Retail",2021-06-24,6123424545,1,2026-07-10 14:39:43.272191
"EE1","EARTHS ENERGY LIMITED","Materials",2011-09-16,,1,2026-07-10 14:39:43.272191
"EFE","EASTERN RESOURCES LIMITED","Materials",2008-05-16,4149124,1,2026-07-10 14:39:43.272191
"EG1","EVERGOLD MINERALS LIMITED","Materials",2023-04-11,11144894,1,2026-07-10 14:39:43.272191
"EGA","EASTERN GAS CORPORATION LIMITED","Energy",2026-02-26,11700000,1,2026-07-10 14:39:43.272191
"EGG","ENERO GROUP LIMITED","Media & Entertainment",2004-04-30,27220536,1,2026-07-10 14:39:43.272191
"EGH","EUREKA GROUP HOLDINGS LIMITED","Real Estate Management & Development",2004-07-01,278788881,1,2026-07-10 14:39:43.272191
"EGL","ENVIRONMENTAL GROUP LIMITED (THE)","Capital Goods",1981-02-12,35766793,1,2026-07-10 14:39:43.272191
"EGR","ECOGRAF LIMITED","Materials",2010-10-29,124618828,1,2026-07-10 14:39:43.272191
"EGY","ENERGY TECHNOLOGIES LIMITED","Capital Goods",1992-10-22,12493981,1,2026-07-10 14:39:43.272191
"EHL","EMECO HOLDINGS LIMITED","Capital Goods",2006-07-28,508007262,1,2026-07-10 14:39:43.272191
"EIQ","ECHOIQ LIMITED","Software & Services",2010-12-17,1138239784,1,2026-07-10 14:39:43.272191
"EL8","ELEVATE URANIUM LTD","Energy",1985-10-23,107172668,1,2026-07-10 14:39:43.272191
"ELD","ELDERS LIMITED","Food, Beverage & Tobacco",1981-06-30,1173923569,1,2026-07-10 14:39:43.272191
"ELS","ELSIGHT LIMITED","Technology Hardware & Equipment",2017-06-08,1723461462,1,2026-07-10 14:39:43.272191
"ELT","ELEMENTOS LIMITED","Materials",2009-12-23,149024168,1,2026-07-10 14:39:43.272191
"ELV","ELEVRA LITHIUM LIMITED","Materials",2004-03-30,1781067146,1,2026-07-10 14:39:43.272191
"EM2","EAGLE MOUNTAIN MINING LIMITED","Materials",2018-03-16,9232558,1,2026-07-10 14:39:43.272191
"EM3","EMC GOLD CORPORATION","Materials",2018-08-29,77583981,1,2026-07-10 14:39:43.272191
"EMA","EMINENCE MINERALS LIMITED","Materials",2021-10-13,8251796,1,2026-07-10 14:39:43.272191
"EMB","EMBELTON LIMITED","Capital Goods",1974-01-01,17262856,1,2026-07-10 14:39:43.272191
"EMC","EVEREST METALS CORPORATION LTD","Materials",2006-10-18,26700995,1,2026-07-10 14:39:43.272191
"EMD","EMYRIA LIMITED","Health Care Equipment & Services",2020-02-12,32262441,1,2026-07-10 14:39:43.272191
"EME","ENERGY METALS LTD","Energy",2005-09-09,15097198,1,2026-07-10 14:39:43.272191
"EMH","EUROPEAN METALS HOLDINGS LIMITED","Materials",2012-07-19,60580020,1,2026-07-10 14:39:43.272191
"EML","EML PAYMENTS LIMITED","Financial Services",2006-01-18,134088321,1,2026-07-10 14:39:43.272191
"EMN","EURO MANGANESE INC","Materials",2018-10-02,12865905,1,2026-07-10 14:39:43.272191
"EMP","EMPEROR ENERGY LIMITED","Energy",1987-06-05,88840441,1,2026-07-10 14:39:43.272191
"EMR","EMERALD RESOURCES NL","Materials",1994-07-22,3588918747,1,2026-07-10 14:39:43.272191
"EMT","EMETALS LIMITED","Not Applic",2010-10-26,,1,2026-07-10 14:39:43.272191
"EMU","EMU NL","Materials",2008-02-27,8920948,1,2026-07-10 14:39:43.272191
"EMUCA","EMU NL","Materials",2008-02-27,8920948,1,2026-07-10 14:39:43.272191
"EMV","EMVISION MEDICAL DEVICES LTD","Health Care Equipment & Services",2018-12-13,139433342,1,2026-07-10 14:39:43.272191
"ENL","ENLITIC INC.","Health Care Equipment & Services",2023-12-19,5832250,1,2026-07-10 14:39:43.272191
"ENN","ELANOR INVESTORS GROUP","Consumer Services",2014-07-11,12268698,1,2026-07-10 14:39:43.272191
"ENP","ENTROPY NEURODYNAMICS LIMITED","Pharmaceuticals, Biotechnology & Life Sciences",2018-12-18,55482114,1,2026-07-10 14:39:43.272191
"ENR","ENCOUNTER RESOURCES LIMITED","Materials",2006-03-24,139966177,1,2026-07-10 14:39:43.272191
"ENT","ENTERPRISE METALS LIMITED","Materials",2007-06-20,5835999,1,2026-07-10 14:39:43.272191
"ENV","ENOVA MINING LIMITED","Materials",2007-04-13,5941827,1,2026-07-10 14:39:43.272191
"EOL","ENERGY ONE LIMITED","Software & Services",2007-01-15,377790907,1,2026-07-10 14:39:43.272191
"EOS","ELECTRO OPTIC SYSTEMS HOLDINGS LIMITED","Capital Goods",2000-10-23,1968715199,1,2026-07-10 14:39:43.272191
"EPI","EPIMINDER LIMITED","Health Care Equipment & Services",2025-12-01,74751720,1,2026-07-10 14:39:43.272191
"EPM","ECLIPSE METALS LIMITED.","Energy",2011-02-17,49377035,1,2026-07-10 14:39:43.272191
"EPN","EPSILON HEALTHCARE LIMITED","Pharmaceuticals, Biotechnology & Life Sciences",2017-05-04,8560288,1,2026-07-10 14:39:43.272191
"EPX","EPX LIMITED","Software & Services",2021-05-12,14700976,1,2026-07-10 14:39:43.272191
"EPY","EARLYPAY LTD","Financial Services",2010-02-23,30635589,1,2026-07-10 14:39:43.272191
"EQR","EQ RESOURCES LIMITED","Materials",2006-06-06,1354969946,1,2026-07-10 14:39:43.272191
"EQT","EQT HOLDINGS LIMITED","Financial Services",1985-08-06,467527589,1,2026-07-10 14:39:43.272191
"EQU","EQUUS ENERGY LIMITED","Energy",2025-12-18,67532431,1,2026-07-10 14:39:43.272191
"EQX","EQUATORIAL RESOURCES LIMITED","Materials",1987-05-14,21031256,1,2026-07-10 14:39:43.272191
"ERA","ENERGY RESOURCES OF AUSTRALIA LIMITED","Energy",1980-11-19,,1,2026-07-10 14:39:43.272191
"ERD","EROAD LIMITED","Technology Hardware & Equipment",2020-09-18,,1,2026-07-10 14:39:43.272191
"ERE","EUROPEAN RESOURCES LIMITED","Materials",2020-12-04,8338978,1,2026-07-10 14:39:43.272191
"ERG","ENECO REFRESH LTD","Food, Beverage & Tobacco",2006-03-29,,1,2026-07-10 14:39:43.272191
"ERL","EMPIRE RESOURCES LIMITED","Materials",2007-02-01,14609991,1,2026-07-10 14:39:43.272191
"ESK","ETHERSTACK PLC","Software & Services",2012-09-07,72233694,1,2026-07-10 14:39:43.272191
"ESR","ESTRELLA RESOURCES LIMITED","Materials",2012-05-09,58045961,1,2026-07-10 14:39:43.272191
"ETM","ENERGY TRANSITION MINERALS LTD","Materials",2006-06-20,,1,2026-07-10 14:39:43.272191
"EUR","EUROPEAN LITHIUM LIMITED","Materials",2010-12-02,621230435,1,2026-07-10 14:39:43.272191
"EV1","EVOLUTION ENERGY MINERALS LIMITED","Materials",2021-11-16,,1,2026-07-10 14:39:43.272191
"EV8","EVERLAST MINERALS LTD.","Materials",2025-09-23,63687777,1,2026-07-10 14:39:43.272191
"EVE","EVE HEALTH GROUP LIMITED.","Financial Services",2004-04-08,,1,2026-07-10 14:39:43.272191
"EVG","EVION GROUP NL","Materials",2018-01-19,27326338,1,2026-07-10 14:39:43.272191
"EVN","EVOLUTION MINING LIMITED","Materials",2002-08-20,23235675800,1,2026-07-10 14:39:43.272191
"EVO","EMBARK EARLY EDUCATION LIMITED","Consumer Services",2014-12-05,90629271,1,2026-07-10 14:39:43.272191
"EVR","EV RESOURCES LTD","Materials",1994-12-07,19760020,1,2026-07-10 14:39:43.272191
"EVT","EVT LIMITED","Media & Entertainment",1962-06-30,2062409535,1,2026-07-10 14:39:43.272191
"EVZ","EVZ LIMITED","Capital Goods",1985-04-26,66826670,1,2026-07-10 14:39:43.272191
"EWC","ENERGY WORLD CORPORATION LTD","Utilities",1988-12-08,235056772,1,2026-07-10 14:39:43.272191
"EXL","ELIXINOL WELLNESS LIMITED","Household & Personal Products",2018-01-08,2483926,1,2026-07-10 14:39:43.272191
"EXP","EXPERIENCE CO LIMITED","Consumer Services",2015-03-27,64146728,1,2026-07-10 14:39:43.272191
"EXR","ELIXIR ENERGY LIMITED","Energy",2004-07-19,233619089,1,2026-07-10 14:39:43.272191
"EXT","EXCITE TECHNOLOGY SERVICES LTD","Software & Services",2007-01-03,,1,2026-07-10 14:39:43.272191
"EYE","NOVA EYE MEDICAL LIMITED","Health Care Equipment & Services",1987-10-12,31335511,1,2026-07-10 14:39:43.272191
"EZL","EUROZ HARTLEYS GROUP LIMITED","Financial Services",1971-08-02,224158736,1,2026-07-10 14:39:43.272191
"EZZ","EZZ LIFE SCIENCE HOLDINGS LIMITED","Consumer Discretionary Distribution & Retail",2021-03-03,21404656,1,2026-07-10 14:39:43.272191
"FAL","FALCON METALS LTD","Materials",2021-12-22,90827470,1,2026-07-10 14:39:43.272191
"FAR","FAR LIMITED","Energy",1986-01-23,26798798,1,2026-07-10 14:39:43.272191
"FAU","FIRST AU LIMITED","Materials",1970-01-01,29087420,1,2026-07-10 14:39:43.272191
"FBR","FBR LTD","Capital Goods",2001-02-08,20895602,1,2026-07-10 14:39:43.272191
"FBU","FLETCHER BUILDING LIMITED","Capital Goods",2001-03-26,2990061712,1,2026-07-10 14:39:43.272191
"FCG","FREEDOM CARE GROUP HOLDINGS LIMITED","Health Care Equipment & Services",2023-11-30,,1,2026-07-10 14:39:43.272191
"FCL","FINEOS CORPORATION HOLDINGS PLC","Software & Services",2019-08-16,717686455,1,2026-07-10 14:39:43.272191
"FCT","FIRSTWAVE CLOUD TECHNOLOGY LIMITED","Software & Services",2011-05-11,19141928,1,2026-07-10 14:39:43.272191
"FDC","FDC CONSOLIDATED HOLDINGS LIMITED","Class Pend",2026-07-09,,1,2026-07-10 14:39:43.272191
"FDR","FINDER ENERGY HOLDINGS LIMITED","Energy",2022-04-08,157961392,1,2026-07-10 14:39:43.272191
"FDV","FRONTIER DIGITAL VENTURES LIMITED","Media & Entertainment",2016-08-26,154725770,1,2026-07-10 14:39:43.272191
"FEG","FAR EAST GOLD LTD","Materials",2022-03-28,62554118,1,2026-07-10 14:39:43.272191
"FEL","FORTE ENERGY LIMITED","Energy",2013-04-30,6062027,1,2026-07-10 14:39:43.272191
"FEX","FENIX RESOURCES LTD","Materials",2008-08-04,191408254,1,2026-07-10 14:39:43.272191
"FFG","FATFISH GROUP LIMITED","Financial Services",1995-11-23,,1,2026-07-10 14:39:43.272191
"FFI","FFI HOLDINGS LIMITED","Food, Beverage & Tobacco",1987-01-15,57742209,1,2026-07-10 14:39:43.272191
"FFM","FIREFLY METALS LTD","Materials",2005-09-21,1345375497,1,2026-07-10 14:39:43.272191
"FG1","FLYNN GOLD LIMITED","Materials",2021-06-17,12173106,1,2026-07-10 14:39:43.272191
"FGG","FUTURE GENERATION GLOBAL LIMITED","Not Applic",2015-09-10,679574926,1,2026-07-10 14:39:43.272191
"FGH","FORESTA GROUP HOLDINGS LIMITED","Materials",1999-01-05,31438865,1,2026-07-10 14:39:43.272191
"FGR","FIRST GRAPHENE LIMITED","Materials",1994-08-08,68060628,1,2026-07-10 14:39:43.272191
"FGX","FUTURE GENERATION AUSTRALIA LIMITED","Not Applic",1997-03-06,562199299,1,2026-07-10 14:39:43.272191
"FHE","FRONTIER ENERGY LIMITED","Materials",2009-12-18,135017332,1,2026-07-10 14:39:43.272191
"FHS","FREEHILL MINING LIMITED.","Materials",2017-01-16,4066520,1,2026-07-10 14:39:43.272191
"FID","FIDUCIAN GROUP LIMITED","Financial Services",2015-02-09,268640472,1,2026-07-10 14:39:43.272191
"FIN","FIN RESOURCES LIMITED","Materials",1989-11-02,7388281,1,2026-07-10 14:39:43.272191
"FL1","FIRST LITHIUM LIMITED","Materials",2000-02-21,,1,2026-07-10 14:39:43.272191
"FLC","FLUENCE CORPORATION LIMITED","Utilities",2007-12-18,88109505,1,2026-07-10 14:39:43.272191
"FLG","FLAGSHIP MINERALS LIMITED","Materials",2020-10-08,61376594,1,2026-07-10 14:39:43.272191
"FLN","FREELANCER LIMITED","Commercial & Professional Services",2013-11-15,49600637,1,2026-07-10 14:39:43.272191
"FLT","FLIGHT CENTRE TRAVEL GROUP LIMITED","Consumer Services",1995-12-01,2566645400,1,2026-07-10 14:39:43.272191
"FLX","FELIX GROUP HOLDINGS LTD","Software & Services",2021-01-12,14925037,1,2026-07-10 14:39:43.272191
"FME","FUTURE METALS NL","Energy",2007-08-16,13417612,1,2026-07-10 14:39:43.272191
"FMG","FORTESCUE LTD","Materials",1987-03-19,56652954491,1,2026-07-10 14:39:43.272191
"FML","FOCUS MINERALS LTD","Materials",2000-09-13,462792212,1,2026-07-10 14:39:43.272191
"FMN","FAMIEN RESOURCES LIMITED","Materials",2013-10-08,46579669,1,2026-07-10 14:39:43.272191
"FMR","FMR RESOURCES LIMITED","Materials",2010-11-30,22382068,1,2026-07-10 14:39:43.272191
"FND","FINDI LIMITED","Software & Services",2001-08-08,,1,2026-07-10 14:39:43.272191
"FNR","FAR NORTHERN RESOURCES LIMITED","Materials",2024-04-12,7860725,1,2026-07-10 14:39:43.272191
"FNX","FINEXIA FINANCIAL GROUP LIMITED","Financial Services",2006-12-21,11214714,1,2026-07-10 14:39:43.272191
"FOS","FOS CAPITAL LTD","Capital Goods",2021-06-07,9622827,1,2026-07-10 14:39:43.272191
"FPC","FAT PROPHETS GLOBAL CONTRARIAN FUND LTD","Not Applic",2017-03-22,40587860,1,2026-07-10 14:39:43.272191
"FPH","FISHER & PAYKEL HEALTHCARE CORPORATION LIMITED","Health Care Equipment & Services",2001-11-21,19375119042,1,2026-07-10 14:39:43.272191
"FPR","FLEETPARTNERS GROUP LIMITED","Financial Services",2015-04-22,640895847,1,2026-07-10 14:39:43.272191
"FRB","FIREBIRD METALS LIMITED","Materials",2021-03-18,28266017,1,2026-07-10 14:39:43.272191
"FRE","FIREBRICK PHARMA LIMITED","Pharmaceuticals, Biotechnology & Life Sciences",2022-01-28,8841169,1,2026-07-10 14:39:43.272191
"FRI","FINBAR GROUP LIMITED","Real Estate Management & Development",1994-08-05,190486199,1,2026-07-10 14:39:43.272191
"FRM","FARM PRIDE FOODS LIMITED","Food, Beverage & Tobacco",1997-12-19,49568292,1,2026-07-10 14:39:43.272191
"FRS","FORRESTANIA RESOURCES LIMITED","Materials",2021-09-30,640137990,1,2026-07-10 14:39:43.272191
"FRW","FREIGHTWAYS GROUP LIMITED","Transportation",2023-09-14,2058440925,1,2026-07-10 14:39:43.272191
"FRX","FLEXIROAM LIMITED","Telecommunication Services",2015-06-16,27300924,1,2026-07-10 14:39:43.272191
"FSA","FSA GROUP LIMITED","Financial Services",2001-01-11,170687228,1,2026-07-10 14:39:43.272191
"FSI","FLAGSHIP INVESTMENTS LIMITED","Not Applic",2000-12-20,33485156,1,2026-07-10 14:39:43.272191
"FTI","FORTIFAI LTD","Media & Entertainment",2021-04-21,282492911,1,2026-07-10 14:39:43.272191
"FUL","FULCRUM LITHIUM LTD","Materials",2024-11-22,8716500,1,2026-07-10 14:39:43.272191
"FUN","FORTUNA METALS LTD","Materials",2003-04-09,31341227,1,2026-07-10 14:39:43.272191
"FWD","FLEETWOOD LIMITED","Consumer Durables & Apparel",1987-04-15,175658143,1,2026-07-10 14:39:43.272191
"FXG","FELIX GOLD LIMITED","Materials",2022-01-31,123923329,1,2026-07-10 14:39:43.272191
"FZR","FITZROY RIVER CORPORATION LTD","Energy",1998-03-04,22670393,1,2026-07-10 14:39:43.272191
"G11","G11 RESOURCES LIMITED","Materials",2010-08-05,31896118,1,2026-07-10 14:39:43.272191
"G1C","GROUP ONE CAPITAL LIMITED","Real Estate Management & Development",1986-07-17,17634243,1,2026-07-10 14:39:43.272191
"G50","G50 CORP LIMITED","Materials",2021-08-06,110750675,1,2026-07-10 14:39:43.272191
"G6M","GROUP 6 METALS LIMITED","Materials",1967-09-21,,1,2026-07-10 14:39:43.272191
"G88","GOLDEN MILE RESOURCES LTD","Materials",2017-06-19,5968414,1,2026-07-10 14:39:43.272191
"GA8","GOLDARC RESOURCES LIMITED","Materials",1986-06-30,44201426,1,2026-07-10 14:39:43.272191
"GAL","GALILEO MINING LTD","Materials",2018-05-29,20750617,1,2026-07-10 14:39:43.272191
"GAP","GALE PACIFIC LIMITED","Consumer Durables & Apparel",2000-12-14,21632461,1,2026-07-10 14:39:43.272191
"GAS","STATE GAS LIMITED","Energy",2017-10-10,6347977,1,2026-07-10 14:39:43.272191
"GBE","GLOBE METALS & MINING LIMITED","Materials",2005-12-09,74094829,1,2026-07-10 14:39:43.272191
"GBL","GREAT BEAR EXPLORATION LTD","Energy",2006-04-21,13276217,1,2026-07-10 14:39:43.272191
"GBM","GBM RESOURCES LIMITED.","Materials",2007-10-24,83442795,1,2026-07-10 14:39:43.272191
"GBR","GREAT BOULDER RESOURCES LIMITED","Materials",2016-11-18,141921494,1,2026-07-10 14:39:43.272191
"GC1","GLENNON SMALL COMPANIES LIMITED","Not Applic",2015-08-21,19478107,1,2026-07-10 14:39:43.272191
"GCI","GRYPHON CAPITAL INCOME TRUST","Not Applic",2018-05-25,1316417696,1,2026-07-10 14:39:43.272191
"GCMDA","GCM CORPORATION LIMITED","Materials",2007-11-15,,1,2026-07-10 14:39:43.272191
"GCR","GOLDEN CROSS RESOURCES LTD","Materials",1996-03-27,,1,2026-07-10 14:39:43.272191
"GDF","GARDA PROPERTY GROUP","Equity Real Estate Investment Trusts (REITs)",2015-07-02,224100213,1,2026-07-10 14:39:43.272191
"GDG","GENERATION DEVELOPMENT GROUP LIMITED","Insurance",2007-12-11,1559678301,1,2026-07-10 14:39:43.272191
"GDI","GDI PROPERTY GROUP","Equity Real Estate Investment Trusts (REITs)",2013-12-17,329291716,1,2026-07-10 14:39:43.272191
"GDM","GREAT DIVIDE MINING LTD","Materials",2023-08-25,23106055,1,2026-07-10 14:39:43.272191
"GDR","GOLDEN DRAGON MINING LTD","Materials",2025-10-29,7086877,1,2026-07-10 14:39:43.272191
"GED","GOLDEN DEEPS LIMITED.","Materials",1986-12-04,9120285,1,2026-07-10 14:39:43.272191
"GEM","G8 EDUCATION LIMITED","Consumer Services",2007-12-05,115733813,1,2026-07-10 14:39:43.272191
"GEN","GENMIN LIMITED","Materials",2021-03-10,27676289,1,2026-07-10 14:39:43.272191
"GES","GENESIS RESOURCES LIMITED","Materials",2009-10-27,4697048,1,2026-07-10 14:39:43.272191
"GFL","GLOBAL MASTERS FUND LIMITED","Not Applic",2006-05-16,33063433,1,2026-07-10 14:39:43.272191
"GG1","GREEN & GOLD MINERALS LIMITED","Materials",2025-10-08,10447782,1,2026-07-10 14:39:43.272191
"GG8","GORILLA GOLD MINES LTD","Materials",1971-07-28,216132654,1,2026-07-10 14:39:43.272191
"GGE","GRAND GULF ENERGY LIMITED","Energy",1998-03-20,6240850,1,2026-07-10 14:39:43.272191
"GGP","GREATLAND RESOURCES LIMITED","Materials",2025-06-24,7380860929,1,2026-07-10 14:39:43.272191
"GGR","GOLDEN GLOBE RESOURCES LTD.","Materials",2025-10-31,20303510,1,2026-07-10 14:39:43.272191
"GHM","GOLDEN HORSE MINERALS LIMITED","Materials",2024-12-16,110774383,1,2026-07-10 14:39:43.272191
"GHY","GOLD HYDROGEN LIMITED","Energy",2023-01-13,70377171,1,2026-07-10 14:39:43.272191
"GIB","GIBB RIVER DIAMONDS LIMITED","Materials",2008-07-01,7722340,1,2026-07-10 14:39:43.272191
"GL1","GLOBAL LITHIUM RESOURCES LIMITED","Materials",2021-05-06,130390800,1,2026-07-10 14:39:43.272191
"GLB","GLOBE INTERNATIONAL LIMITED","Consumer Durables & Apparel",2001-05-24,93708229,1,2026-07-10 14:39:43.272191
"GLE","GLG CORP LTD","Consumer Durables & Apparel",2005-12-14,10374000,1,2026-07-10 14:39:43.272191
"GLF","GEMLIFE COMMUNITIES GROUP","Real Estate Management & Development",2025-07-03,1749326925,1,2026-07-10 14:39:43.272191
"GLH","GLOBAL HEALTH LIMITED","Health Care Equipment & Services",2000-04-04,3821645,1,2026-07-10 14:39:43.272191
"GLL","GALILEE ENERGY LIMITED","Energy",1996-02-15,10867729,1,2026-07-10 14:39:43.272191
"GLN","GALAN LITHIUM LIMITED","Materials",2011-06-08,417264902,1,2026-07-10 14:39:43.272191
"GLS","L1 GLOBAL LONG SHORT FUND LIMITED","Not Applic",1994-06-29,1100793390,1,2026-07-10 14:39:43.272191
"GMD","GENESIS MINERALS LIMITED","Materials",2007-08-02,6460334495,1,2026-07-10 14:39:43.272191
"GMG","GOODMAN GROUP","Equity Real Estate Investment Trusts (REITs)",2005-02-02,61732301757,1,2026-07-10 14:39:43.272191
"GML","GATEWAY MINING LIMITED","Materials",1971-08-02,113817928,1,2026-07-10 14:39:43.272191
"GMN","GOLD MOUNTAIN LIMITED","Materials",2011-09-02,22864127,1,2026-07-10 14:39:43.272191
"GNC","GRAINCORP LIMITED","Consumer Staples Distribution & Retail",1998-03-30,1060483791,1,2026-07-10 14:39:43.272191
"GNE","GENESIS ENERGY LIMITED","Utilities",2014-04-17,2787888891,1,2026-07-10 14:39:43.272191
"GNG","GR ENGINEERING SERVICES LIMITED","Materials",2011-04-19,815681273,1,2026-07-10 14:39:43.272191
"GNM","GREAT NORTHERN MINERALS LIMITED","Materials",2008-03-05,15240024,1,2026-07-10 14:39:43.272191
"GNP","GENUSPLUS GROUP LTD","Capital Goods",2020-12-14,1913647142,1,2026-07-10 14:39:43.272191
"GOW","GOWING BROS LIMITED","Financial Services",1962-07-31,120772367,1,2026-07-10 14:39:43.272191
"GOZ","GROWTHPOINT PROPERTIES AUSTRALIA","Equity Real Estate Investment Trusts (REITs)",2007-07-04,1652593154,1,2026-07-10 14:39:43.272191
"GPR","GEOPACIFIC RESOURCES LTD","Materials",2006-05-09,90363336,1,2026-07-10 14:39:43.272191
"GPT","GPT GROUP","Equity Real Estate Investment Trusts (REITs)",1971-04-01,9386329407,1,2026-07-10 14:39:43.272191
"GQG","GQG PARTNERS INC.","Financial Services",2021-10-26,4229959937,1,2026-07-10 14:39:43.272191
"GR8","GREAT DIRT RESOURCES LTD","Materials",2023-11-10,28553912,1,2026-07-10 14:39:43.272191
"GRE","GREENTECH METALS LIMITED","Materials",2022-01-04,24717195,1,2026-07-10 14:39:43.272191
"GRL","GODOLPHIN RESOURCES LIMITED","Materials",2019-12-18,14405497,1,2026-07-10 14:39:43.272191
"GRR","GRANGE RESOURCES LIMITED.","Materials",1986-03-27,167814111,1,2026-07-10 14:39:43.272191
"GRV","GREENVALE ENERGY LTD","Energy",1971-07-28,23116688,1,2026-07-10 14:39:43.272191
"GRX","GREENX METALS LIMITED","Materials",1993-09-06,283895021,1,2026-07-10 14:39:43.272191
"GSM","GOLDEN STATE MINING LIMITED","Materials",2018-11-08,5789583,1,2026-07-10 14:39:43.272191
"GSN","GREAT SOUTHERN MINING LIMITED","Materials",2011-04-14,25573114,1,2026-07-10 14:39:43.272191
"GSS","GENETIC SIGNATURES LIMITED","Pharmaceuticals, Biotechnology & Life Sciences",2015-03-31,14309746,1,2026-07-10 14:39:43.272191
"GT1","GREEN TECHNOLOGY METALS LIMITED","Materials",2021-11-10,20417465,1,2026-07-10 14:39:43.272191
"GT3","GREEN360 TECHNOLOGIES LIMITED","Materials",2011-05-17,35743507,1,2026-07-10 14:39:43.272191
"GTE","GREAT WESTERN EXPLORATION LIMITED.","Materials",2007-06-05,7775913,1,2026-07-10 14:39:43.272191
"GTG","GENETIC TECHNOLOGIES LIMITED","Pharmaceuticals, Biotechnology & Life Sciences",1987-07-30,,1,2026-07-10 14:39:43.272191
"GTI","GRATIFII LIMITED","Software & Services",2008-07-17,15130685,1,2026-07-10 14:39:43.272191
"GTK","GENTRACK GROUP LIMITED","Software & Services",2014-06-25,331753976,1,2026-07-10 14:39:43.272191
"GTN","GTN LIMITED","Media & Entertainment",2016-06-01,45759791,1,2026-07-10 14:39:43.272191
"GUL","GULLEWA LIMITED","Materials",1980-06-19,14615861,1,2026-07-10 14:39:43.272191
"GUM","GUMTREE AUSTRALIA MARKETS LIMITED","Media & Entertainment",2016-09-15,28912367,1,2026-07-10 14:39:43.272191
"GVF","STAUDE CAPITAL GLOBAL VALUE FUND LIMITED","Not Applic",2014-07-21,281769139,1,2026-07-10 14:39:43.272191
"GW1","GREENWING RESOURCES LTD","Materials",2005-10-20,35106234,1,2026-07-10 14:39:43.272191
"GWA","GWA GROUP LIMITED.","Capital Goods",1993-05-20,612623811,1,2026-07-10 14:39:43.272191
"GWR","GWR GROUP LIMITED","Materials",2004-12-24,34175836,1,2026-07-10 14:39:43.272191
"GYG","GUZMAN Y GOMEZ LIMITED","Consumer Services",2024-06-20,2128644096,1,2026-07-10 14:39:43.272191
"H2G","H2G LIMITED","Commercial & Professional Services",1980-12-04,7194061,1,2026-07-10 14:39:43.272191
"H3E","H3 ENERGY LIMITED","Energy",2004-03-10,7568256,1,2026-07-10 14:39:43.272191
"HAL","HALO TECHNOLOGIES HOLDINGS LTD","Financial Services",2022-04-26,4671033,1,2026-07-10 14:39:43.272191
"HAR","HARANGA RESOURCES LIMITED.","Materials",2022-01-27,40773328,1,2026-07-10 14:39:43.272191
"HAS","HASTINGS TECHNOLOGY METALS LTD","Materials",2008-02-20,64526904,1,2026-07-10 14:39:43.272191
"HAV","HAVILAH RESOURCES LIMITED","Materials",2002-03-21,251320409,1,2026-07-10 14:39:43.272191
"HAW","HAWTHORN RESOURCES LIMITED","Materials",1986-07-03,24121124,1,2026-07-10 14:39:43.272191
"HCF","H&G HIGH CONVICTION LIMITED","Not Applic",2022-10-25,,1,2026-07-10 14:39:43.272191
"HCH","HOT CHILI LIMITED","Materials",2010-05-03,309096200,1,2026-07-10 14:39:43.272191
"HCL","HIGHCOM LIMITED","Capital Goods",2005-09-15,14873793,1,2026-07-10 14:39:43.272191
"HCT","HOLISTA COLLTECH LIMITED","Household & Personal Products",2004-02-26,29426749,1,2026-07-10 14:39:43.272191
"HCW","HEALTHCO HEALTHCARE AND WELLNESS REIT","Equity Real Estate Investment Trusts (REITs)",2021-09-06,385123143,1,2026-07-10 14:39:43.272191
"HDN","HOMECO DAILY NEEDS REIT","Equity Real Estate Investment Trusts (REITs)",2020-11-23,2644741772,1,2026-07-10 14:39:43.272191
"HE8","HELIOS ENERGY LTD","Energy",2010-10-20,7768610,1,2026-07-10 14:39:43.272191
"HFR","HIGHFIELD RESOURCES LIMITED","Materials",2012-02-07,7585233,1,2026-07-10 14:39:43.272191
"HFY","HUBIFY LIMITED","Telecommunication Services",2017-01-12,5687975,1,2026-07-10 14:39:43.272191
"HGH","HEARTLAND GROUP HOLDINGS LIMITED","Banks",2018-11-01,945206975,1,2026-07-10 14:39:43.272191
"HGO","HILLGROVE RESOURCES LIMITED","Materials",1994-07-22,219193015,1,2026-07-10 14:39:43.272191
"HIO","HAWSONS IRON LTD","Materials",2007-11-14,16462123,1,2026-07-10 14:39:43.272191
"HIQ","HITIQ LIMITED","Health Care Equipment & Services",2021-06-16,5607312,1,2026-07-10 14:39:43.272191
"HIT","HITECH GROUP AUSTRALIA LIMITED","Commercial & Professional Services",2000-04-17,39339000,1,2026-07-10 14:39:43.272191
"HLI","HELIA GROUP LIMITED","Financial Services",2014-05-20,1554692051,1,2026-07-10 14:39:43.272191
"HLO","HELLOWORLD TRAVEL LIMITED","Consumer Services",2000-09-13,247157051,1,2026-07-10 14:39:43.272191
"HLS","HEALIUS LIMITED","Health Care Equipment & Services",1998-07-03,279569991,1,2026-07-10 14:39:43.272191
"HLX","HELIX RESOURCES LIMITED","Materials",1986-05-22,7697790,1,2026-07-10 14:39:43.272191
"HM1","HEARTS AND MINDS INVESTMENTS LIMITED","Not Applic",2018-11-14,684656679,1,2026-07-10 14:39:43.272191
"HMC","HMC CAPITAL LIMITED","Financial Services",2019-10-14,1204837935,1,2026-07-10 14:39:43.272191
"HMD","HERAMED LIMITED","Health Care Equipment & Services",2018-12-12,48662737,1,2026-07-10 14:39:43.272191
"HMG","HAMELIN GOLD LIMITED","Materials",2021-11-05,19037143,1,2026-07-10 14:39:43.272191
"HMI","HIREMII LIMITED","Commercial & Professional Services",2021-05-11,5693252,1,2026-07-10 14:39:43.272191
"HMX","HAMMER METALS LIMITED","Materials",2003-02-25,53565522,1,2026-07-10 14:39:43.272191
"HMY","HARMONEY CORP LIMITED","Financial Services",2020-11-19,78284650,1,2026-07-10 14:39:43.272191
"HOR","HORSESHOE METALS LIMITED","Materials",2010-07-29,15750191,1,2026-07-10 14:39:43.272191
"HPC","THE HYDRATION PHARMACEUTICALS COMPANY LIMITED","Household & Personal Products",2021-12-14,2151954,1,2026-07-10 14:39:43.272191
"HPG","HIPAGES GROUP HOLDINGS LTD","Media & Entertainment",2020-11-12,99010267,1,2026-07-10 14:39:43.272191
"HPR","HIGH PEAK ROYALTIES LIMITED","Energy",2007-03-30,17936135,1,2026-07-10 14:39:43.272191
"HRE","HEAVY RARE EARTHS LIMITED","Materials",2022-08-24,7281186,1,2026-07-10 14:39:43.272191
"HRN","HORIZON GOLD LIMITED","Materials",2016-12-21,196740434,1,2026-07-10 14:39:43.272191
"HSN","HANSEN TECHNOLOGIES LIMITED","Software & Services",2000-06-01,865144561,1,2026-07-10 14:39:43.272191
"HT8","HARRIS TECHNOLOGY GROUP LIMITED","Transportation",1999-06-24,7850545,1,2026-07-10 14:39:43.272191
"HTG","HARVEST TECHNOLOGY GROUP LTD","Technology Hardware & Equipment",2016-05-12,17417149,1,2026-07-10 14:39:43.272191
"HTM","HIGH-TECH METALS LTD","Materials",2023-01-23,25793557,1,2026-07-10 14:39:43.272191
"HUB","HUB24 LIMITED","Financial Services",2007-07-05,6707902927,1,2026-07-10 14:39:43.272191
"HUM","HUMM GROUP LIMITED","Financial Services",2006-12-12,242358938,1,2026-07-10 14:39:43.272191
"HVN","HARVEY NORMAN HOLDINGS LIMITED","Consumer Discretionary Distribution & Retail",1987-09-03,5943451740,1,2026-07-10 14:39:43.272191
"HVY","HEAVY MINERALS LIMITED","Materials",2021-09-14,31584780,1,2026-07-10 14:39:43.272191
"HWK","HAWK RESOURCES LIMITED.","Materials",2017-06-09,16536777,1,2026-07-10 14:39:43.272191
"HXL","HEXIMA LIMITED.","Pharmaceuticals, Biotechnology & Life Sciences",2020-12-01,,1,2026-07-10 14:39:43.272191
"HYD","HYDRIX LIMITED","Technology Hardware & Equipment",2001-05-11,5798997,1,2026-07-10 14:39:43.272191
"HYT","HYTERRA LTD","Energy",2005-12-14,27331843,1,2026-07-10 14:39:43.272191
"HZN","HORIZON OIL LIMITED","Energy",1981-06-30,390385290,1,2026-07-10 14:39:43.272191
"HZR","HAZER GROUP LIMITED","Materials",2015-12-02,80354351,1,2026-07-10 14:39:43.272191
"I88","INFINI RESOURCES LIMITED","Materials",2024-01-15,12443832,1,2026-07-10 14:39:43.272191
"IAG","INSURANCE AUSTRALIA GROUP LIMITED","Insurance",2000-08-08,19217972813,1,2026-07-10 14:39:43.272191
"IAM","INCOME ASSET MANAGEMENT GROUP LIMITED.","Financial Services",1987-01-14,18617416,1,2026-07-10 14:39:43.272191
"IBC","IRONBARK BALANCED INCOME LIMITED","Not Applic",1987-04-02,43212764,1,2026-07-10 14:39:43.272191
"IBR","IRON BEAR RESOURCES LTD","Materials",2001-06-07,77437727,1,2026-07-10 14:39:43.272191
"IBX","IMAGION BIOSYSTEMS LIMITED","Health Care Equipment & Services",2017-06-22,7019172,1,2026-07-10 14:39:43.272191
"ICE","ICETANA LIMITED","Software & Services",2019-12-23,22587081,1,2026-07-10 14:39:43.272191
"ICL","ICENI GOLD LIMITED","Materials",2021-04-14,11073572,1,2026-07-10 14:39:43.272191
"ICR","INTELICARE HOLDINGS LIMITED","Health Care Equipment & Services",2020-05-25,15021442,1,2026-07-10 14:39:43.272191
"ICU","INVESTOR CENTRE LIMITED","Financial Services",2006-07-31,,1,2026-07-10 14:39:43.272191
"ID8","IDENTITII LIMITED","Software & Services",2018-10-17,3696609,1,2026-07-10 14:39:43.272191
"IDA","INDIANA RESOURCES LIMITED","Materials",1986-07-17,14173114,1,2026-07-10 14:39:43.272191
"IDT","IDT AUSTRALIA LIMITED","Pharmaceuticals, Biotechnology & Life Sciences",1991-02-18,13677618,1,2026-07-10 14:39:43.272191
"IDX","INTEGRAL DIAGNOSTICS LIMITED","Health Care Equipment & Services",2015-10-21,764786401,1,2026-07-10 14:39:43.272191
"IEL","IDP EDUCATION LIMITED","Consumer Services",2015-11-26,637389923,1,2026-07-10 14:39:43.272191
"IEQ","INTERNATIONAL EQUITIES CORPORATION LIMITED.","Real Estate Management & Development",1993-03-11,5128943,1,2026-07-10 14:39:43.272191
"IFG","INFOCUS GROUP HOLDINGS LIMITED","Software & Services",2004-08-10,3535202,1,2026-07-10 14:39:43.272191
"IFN","INFRAGREEN GROUP LIMITED","Commercial & Professional Services",2025-06-25,89055955,1,2026-07-10 14:39:43.272191
"IFT","INFRATIL LIMITED.","Capital Goods",2010-08-30,12416064657,1,2026-07-10 14:39:43.272191
"IG6","INTERNATIONAL GRAPHITE LIMITED","Capital Goods",2022-04-07,10266337,1,2026-07-10 14:39:43.272191
"IGL","IVE GROUP LIMITED","Media & Entertainment",2015-12-16,435964798,1,2026-07-10 14:39:43.272191
"IGN","IGNITE LIMITED","Commercial & Professional Services",1997-01-16,12405155,1,2026-07-10 14:39:43.272191
"IGO","IGO LIMITED","Materials",2002-01-17,5263011300,1,2026-07-10 14:39:43.272191
"IIQ","INOVIQ LTD","Health Care Equipment & Services",1991-04-18,30970601,1,2026-07-10 14:39:43.272191
"IKE","IKEGPS GROUP LIMITED","Technology Hardware & Equipment",2016-11-21,191008689,1,2026-07-10 14:39:43.272191
"ILA","ISLAND PHARMACEUTICALS LIMITED","Pharmaceuticals, Biotechnology & Life Sciences",2021-04-13,130203340,1,2026-07-10 14:39:43.272191
"ILT","ILTANI RESOURCES LIMITED.","Materials",2023-06-30,31491130,1,2026-07-10 14:39:43.272191
"ILU","ILUKA RESOURCES LIMITED","Materials",1962-06-30,2828639193,1,2026-07-10 14:39:43.272191
"IMA","IMAGE RESOURCES NL","Materials",2002-07-04,26756834,1,2026-07-10 14:39:43.272191
"IMB","INTELLIGENT MONITORING GROUP LIMITED","Commercial & Professional Services",1994-03-03,251208749,1,2026-07-10 14:39:43.272191
"IMC","IMMURON LIMITED","Pharmaceuticals, Biotechnology & Life Sciences",1999-04-30,12591075,1,2026-07-10 14:39:43.272191
"IMD","IMDEX LIMITED","Materials",1987-09-24,1944998920,1,2026-07-10 14:39:43.272191
"IME","IMEXHS LIMITED","Health Care Equipment & Services",2005-12-14,18766521,1,2026-07-10 14:39:43.272191
"IMI","INFINITY MINING LIMITED","Materials",2021-12-22,4479185,1,2026-07-10 14:39:43.272191
"IMM","IMMUTEP LIMITED","Pharmaceuticals, Biotechnology & Life Sciences",1988-06-23,78107229,1,2026-07-10 14:39:43.272191
"IMR","IMRICOR MEDICAL SYSTEMS INC.","Health Care Equipment & Services",2019-08-30,645120998,1,2026-07-10 14:39:43.272191
"IMU","IMUGENE LIMITED","Pharmaceuticals, Biotechnology & Life Sciences",1993-11-24,41583504,1,2026-07-10 14:39:43.272191
"INA","INGENIA COMMUNITIES GROUP","Equity Real Estate Investment Trusts (REITs)",2004-07-01,1797442194,1,2026-07-10 14:39:43.272191
"IND","INDUSTRIAL MINERALS LTD","Materials",2021-07-13,12540313,1,2026-07-10 14:39:43.272191
"INF","INFINITY METALS LIMITED","Materials",2011-04-15,4739712,1,2026-07-10 14:39:43.272191
"ING","INGHAMS GROUP LIMITED","Food, Beverage & Tobacco",2016-11-07,773093570,1,2026-07-10 14:39:43.272191
"INR","IONEER LTD","Materials",2007-12-19,447708430,1,2026-07-10 14:39:43.272191
"INV","INVESTSMART GROUP LIMITED","Financial Services",2005-04-21,19899479,1,2026-07-10 14:39:43.272191
"IOD","IODM LIMITED","Software & Services",2003-11-18,66639235,1,2026-07-10 14:39:43.272191
"ION","IONDRIVE LIMITED","Materials",2005-04-21,38884333,1,2026-07-10 14:39:43.272191
"IOV","ION VIDEO LTD","Software & Services",2011-07-26,76082573,1,2026-07-10 14:39:43.272191
"IPC","IMPERIAL PACIFIC LIMITED","Financial Services",1971-07-28,10873506,1,2026-07-10 14:39:43.272191
"IPD","IMPEDIMED LIMITED","Health Care Equipment & Services",2007-10-24,21974962,1,2026-07-10 14:39:43.272191
"IPG","IPD GROUP LTD","Capital Goods",2021-12-17,516781201,1,2026-07-10 14:39:43.272191
"IPH","IPH LIMITED","Commercial & Professional Services",2014-11-19,1017483837,1,2026-07-10 14:39:43.272191
"IPT","IMPACT MINERALS LIMITED","Materials",2006-11-29,21446528,1,2026-07-10 14:39:43.272191
"IPX","IPERIONX LIMITED","Materials",2018-04-16,1252983882,1,2026-07-10 14:39:43.272191
"IR1","IRIS METALS LIMITED","Materials",2021-09-23,18746732,1,2026-07-10 14:39:43.272191
"IRD","IRON ROAD LIMITED","Materials",2008-06-12,12602892,1,2026-07-10 14:39:43.272191
"IRE","IRESS LIMITED","Software & Services",2000-11-03,1182377370,1,2026-07-10 14:39:43.272191
"IRI","INTEGRATED RESEARCH LIMITED","Software & Services",2000-12-13,48759787,1,2026-07-10 14:39:43.272191
"IS3","I SYNERGY GROUP LIMITED","Software & Services",2017-03-30,17072057,1,2026-07-10 14:39:43.272191
"ITM","ITECH MINERALS LTD","Materials",2021-10-21,9316530,1,2026-07-10 14:39:43.272191
"ITS","INFOTRUST LTD","Software & Services",1999-10-22,65766944,1,2026-07-10 14:39:43.272191
"IVG","INVERT GRAPHITE LIMITED","Pharmaceuticals, Biotechnology & Life Sciences",2004-03-19,16771008,1,2026-07-10 14:39:43.272191
"IVR","INVESTIGATOR SILVER LIMITED","Materials",2007-04-03,124870845,1,2026-07-10 14:39:43.272191
"IVX","INVION LIMITED","Pharmaceuticals, Biotechnology & Life Sciences",2010-02-15,3712822,1,2026-07-10 14:39:43.272191
"IVZ","INVICTUS ENERGY LTD","Energy",2012-01-19,94251881,1,2026-07-10 14:39:43.272191
"IXC","INVEX THERAPEUTICS LTD","Pharmaceuticals, Biotechnology & Life Sciences",2019-07-05,7891154,1,2026-07-10 14:39:43.272191
"IXR","IONIC RARE EARTHS LIMITED","Materials",1999-12-10,84978136,1,2026-07-10 14:39:43.272191
"JAL","JAMESON RESOURCES LIMITED","Materials",2007-12-18,35613886,1,2026-07-10 14:39:43.272191
"JAN","JANISON EDUCATION GROUP LIMITED","Software & Services",2000-09-12,25988825,1,2026-07-10 14:39:43.272191
"JAT","JATCORP LIMITED","Consumer Discretionary Distribution & Retail",2008-01-30,13482774,1,2026-07-10 14:39:43.272191
"JAV","JAVELIN MINERALS LIMITED","Materials",2012-10-09,24772006,1,2026-07-10 14:39:43.272191
"JAY","JAYRIDE GROUP LIMITED","Transportation",2018-01-29,,1,2026-07-10 14:39:43.272191
"JBH","JB HI-FI LIMITED","Consumer Discretionary Distribution & Retail",2003-10-23,8592557567,1,2026-07-10 14:39:43.272191
"JCS","JCURVE SOLUTIONS LTD","Software & Services",2000-12-08,10217960,1,2026-07-10 14:39:43.272191
"JDO","JUDO CAPITAL HOLDINGS LIMITED","Banks",2021-11-01,997943116,1,2026-07-10 14:39:43.272191
"JGH","JADE GAS HOLDINGS LIMITED","Materials",1995-02-13,206484369,1,2026-07-10 14:39:43.272191
"JHX","JAMES HARDIE INDUSTRIES PLC","Materials",2001-10-15,20869594856,1,2026-07-10 14:39:43.272191
"JIN","JUMBO INTERACTIVE LIMITED","Consumer Services",1972-06-14,411784997,1,2026-07-10 14:39:43.272191
"JLL","JINDALEE LITHIUM LIMITED","Materials",2002-07-11,42289888,1,2026-07-10 14:39:43.272191
"JMS","JUPITER MINES LIMITED.","Materials",2018-04-18,540608902,1,2026-07-10 14:39:43.272191
"JNO","JUNO MINERALS LIMITED","Materials",2021-05-14,5230926,1,2026-07-10 14:39:43.272191
"JNS","JANUS ELECTRIC HOLDINGS LIMITED","Utilities",2002-09-12,21202651,1,2026-07-10 14:39:43.272191
"JPR","JUPITER ENERGY LIMITED","Energy",2003-11-12,32038805,1,2026-07-10 14:39:43.272191
"JYC","JOYCE CORPORATION LTD","Consumer Discretionary Distribution & Retail",1986-12-17,177415614,1,2026-07-10 14:39:43.272191
"KAL","KALGOORLIE GOLD MINING LIMITED","Materials",2021-11-17,14587846,1,2026-07-10 14:39:43.272191
"KAM","K2 ASSET MANAGEMENT HOLDINGS LTD","Financial Services",2007-11-29,13741856,1,2026-07-10 14:39:43.272191
"KAO","KAOKO METALS LIMITED","Materials",2026-05-07,36369000,1,2026-07-10 14:39:43.272191
"KAR","KAROON ENERGY LTD","Energy",2004-06-08,1026915993,1,2026-07-10 14:39:43.272191
"KAT","KATANA CAPITAL LIMITED","Not Applic",2005-12-23,43264068,1,2026-07-10 14:39:43.272191
"KAU","KAISER REEF LIMITED","Materials",2020-02-28,121064480,1,2026-07-10 14:39:43.272191
"KBC","KEYBRIDGE CAPITAL LIMITED","Financial Services",1999-12-23,,1,2026-07-10 14:39:43.272191
"KCC","KINCORA COPPER LIMITED","Materials",2021-03-30,39134170,1,2026-07-10 14:39:43.272191
"KCN","KINGSGATE CONSOLIDATED LIMITED.","Materials",1988-04-21,1306296471,1,2026-07-10 14:39:43.272191
"KEY","KEY PETROLEUM LIMITED","Energy",2007-04-26,2646512,1,2026-07-10 14:39:43.272191
"KFM","KINGFISHER MINING LTD","Materials",2020-12-11,7909510,1,2026-07-10 14:39:43.272191
"KGL","KGL RESOURCES LIMITED","Materials",2005-03-17,154277895,1,2026-07-10 14:39:43.272191
"KGN","KOGAN.COM LTD","Consumer Discretionary Distribution & Retail",2016-07-07,404773134,1,2026-07-10 14:39:43.272191
"KIT","KAPSTREAM INVESTMENT TRUST","Class Pend",2026-03-30,185986739,1,2026-07-10 14:39:43.272191
"KKC","KKR CREDIT INCOME FUND","Not Applic",2019-11-21,661194456,1,2026-07-10 14:39:43.272191
"KKO","KINETIKO ENERGY LTD","Energy",2011-07-21,59910527,1,2026-07-10 14:39:43.272191
"KLI","KILLI RESOURCES LIMITED","Materials",2022-02-10,47286095,1,2026-07-10 14:39:43.272191
"KLR","KAILI RESOURCES LIMITED","Energy",1997-03-06,10612826,1,2026-07-10 14:39:43.272191
"KLS","KELSIAN GROUP LIMITED","Transportation",2013-10-16,1176273476,1,2026-07-10 14:39:43.272191
"KLV","KLEVO REWARDS LIMITED","Commercial & Professional Services",2022-02-11,100422723,1,2026-07-10 14:39:43.272191
"KM1","KALI METALS LIMITED","Materials",2024-01-08,16755220,1,2026-07-10 14:39:43.272191
"KMD","KMD BRANDS LIMITED","Consumer Discretionary Distribution & Retail",2009-11-13,102207094,1,2026-07-10 14:39:43.272191
"KME","KIP MCGRATH EDUCATION CENTRES LIMITED","Consumer Services",2003-08-15,25195588,1,2026-07-10 14:39:43.272191
"KNB","KOONENBERRY GOLD LIMITED","Materials",2021-09-28,21576660,1,2026-07-10 14:39:43.272191
"KNG","KINGSLAND MINERALS LTD","Materials",2022-06-14,4621612,1,2026-07-10 14:39:43.272191
"KNI","KUNIKO LIMITED","Materials",2021-08-24,5729187,1,2026-07-10 14:39:43.272191
"KNO","KNOSYS LIMITED","Software & Services",2015-09-09,5403467,1,2026-07-10 14:39:43.272191
"KOA","THE KOALA COMPANY LIMITED","Consumer Discretionary Distribution & Retail",2026-03-31,268393101,1,2026-07-10 14:39:43.272191
"KOB","KOBA RESOURCES LIMITED","Materials",2022-05-04,8855819,1,2026-07-10 14:39:43.272191
"KOR","KORAB RESOURCES LIMITED","Materials",2005-08-31,,1,2026-07-10 14:39:43.272191
"KOV","KORVEST LTD","Capital Goods",1970-09-17,210723449,1,2026-07-10 14:39:43.272191
"KP2","KORE POTASH PLC","Materials",2017-11-07,310556299,1,2026-07-10 14:39:43.272191
"KPG","KELLY PARTNERS GROUP HOLDINGS LIMITED","Commercial & Professional Services",2017-06-21,169781089,1,2026-07-10 14:39:43.272191
"KPO","KALINA POWER LIMITED","Utilities",1971-08-02,38129269,1,2026-07-10 14:39:43.272191
"KRM","KINGSROSE MINING LIMITED","Materials",2007-12-07,19591689,1,2026-07-10 14:39:43.272191
"KRR","KING RIVER RESOURCES LIMITED","Materials",2007-09-21,80113700,1,2026-07-10 14:39:43.272191
"KSC","K & S CORPORATION LIMITED","Transportation",1971-08-25,411910409,1,2026-07-10 14:39:43.272191
"KSL","KINA SECURITIES LIMITED","Banks",2015-07-30,364972047,1,2026-07-10 14:39:43.272191
"KSN","KINGSTON RESOURCES LIMITED","Materials",1987-03-05,31932243,1,2026-07-10 14:39:43.272191
"KTA","KRAKATOA RESOURCES LIMITED","Materials",2012-12-28,6667436,1,2026-07-10 14:39:43.272191
"KTK","KTEK AEROSYSTEMS LTD","Capital Goods",2026-05-18,40745000,1,2026-07-10 14:39:43.272191
"KYP","KINATICO LTD","Software & Services",2015-09-08,74227012,1,2026-07-10 14:39:43.272191
"KZR","KALAMAZOO RESOURCES LIMITED","Materials",2017-01-16,45548084,1,2026-07-10 14:39:43.272191
"L1G","L1 GROUP LIMITED","Financial Services",2007-05-23,3144025568,1,2026-07-10 14:39:43.272191
"L1M","LIGHTNING MINERALS LTD","Materials",2022-11-22,5097425,1,2026-07-10 14:39:43.272191
"LAC","LAC GOLD LIMITED","Materials",2005-10-25,71993642,1,2026-07-10 14:39:43.272191
"LAM","LARAMIDE RESOURCES LTD","Energy",2013-04-30,143228281,1,2026-07-10 14:39:43.272191
"LAT","LATITUDE 66 LIMITED","Materials",2007-12-13,18204597,1,2026-07-10 14:39:43.272191
"LAU","LINDSAY AUSTRALIA LIMITED","Transportation",1994-07-05,221582193,1,2026-07-10 14:39:43.272191
"LBL","LASERBOND LIMITED","Capital Goods",2007-12-17,65217717,1,2026-07-10 14:39:43.272191
"LCE","LONDON CITY EQUITIES LIMITED","Financial Services",1987-03-06,26980953,1,2026-07-10 14:39:43.272191
"LCL","LCL RESOURCES LIMITED","Materials",2007-10-02,8438550,1,2026-07-10 14:39:43.272191
"LCY","LEGACY IRON ORE LIMITED","Materials",2008-07-08,58572256,1,2026-07-10 14:39:43.272191
"LDR","LODE RESOURCES LTD","Materials",2021-07-02,16582875,1,2026-07-10 14:39:43.272191
"LDX","LUMOS DIAGNOSTICS HOLDINGS LIMITED","Health Care Equipment & Services",2021-07-05,99160859,1,2026-07-10 14:39:43.272191
"LED","LDR CAPITAL PROPERTY FUND","Equity Real Estate Investment Trusts (REITs)",2019-12-06,201466151,1,2026-07-10 14:39:43.272191
"LEG","LEGEND MINING LIMITED","Materials",1995-08-25,26230295,1,2026-07-10 14:39:43.272191
"LEL","LE MINERALS LIMITED","Materials",2021-05-19,35280494,1,2026-07-10 14:39:43.272191
"LEX","LEFROY EXPLORATION LIMITED","Materials",1991-09-05,31588151,1,2026-07-10 14:39:43.272191
"LF1","LA TROBE PRIVATE CREDIT FUND","Not Applic",2025-06-27,260932014,1,2026-07-10 14:39:43.272191
"LFG","LIBERTY FINANCIAL GROUP","Financial Services",2020-12-15,1032240000,1,2026-07-10 14:39:43.272191
"LFS","LATITUDE GROUP HOLDINGS LIMITED","Financial Services",2021-04-20,951355604,1,2026-07-10 14:39:43.272191
"LFT","LI-FT POWER LTD.","Materials",2026-05-26,322598463,1,2026-07-10 14:39:43.272191
"LGF","L1 GOLD FUND LIMITED","Not Applic",2026-04-24,940500002,1,2026-07-10 14:39:43.272191
"LGI","LGI LIMITED","Utilities",2022-10-04,272047921,1,2026-07-10 14:39:43.272191
"LGM","LEGACY MINERALS HOLDINGS LIMITED","Materials",2021-09-13,22012675,1,2026-07-10 14:39:43.272191
"LGP","LITTLE GREEN PHARMA LTD","Pharmaceuticals, Biotechnology & Life Sciences",2020-02-20,56578530,1,2026-07-10 14:39:43.272191
"LIB","LIBERTY METALS LTD","Materials",2003-11-20,24603656,1,2026-07-10 14:39:43.272191
"LIC","LIFESTYLE COMMUNITIES LIMITED","Real Estate Management & Development",1998-12-15,657396292,1,2026-07-10 14:39:43.272191
"LIN","LINDIAN RESOURCES LIMITED","Materials",2000-03-02,1553492980,1,2026-07-10 14:39:43.272191
"LIO","LION ENERGY LIMITED","Energy",1972-02-15,5878181,1,2026-07-10 14:39:43.272191
"LIS","LI-S ENERGY LIMITED","Capital Goods",2021-09-28,80025029,1,2026-07-10 14:39:43.272191
"LIT","LIVIUM LTD","Materials",2007-10-30,18579304,1,2026-07-10 14:39:43.272191
"LKE","LAKE RESOURCES N.L.","Materials",2001-08-29,97657144,1,2026-07-10 14:39:43.272191
"LKO","LAKES BLUE ENERGY NL","Energy",1985-12-05,44789789,1,2026-07-10 14:39:43.272191
"LKY","LOCKSLEY RESOURCES LIMITED","Materials",2021-07-08,20625179,1,2026-07-10 14:39:43.272191
"LLC","LENDLEASE GROUP","Real Estate Management & Development",1962-06-30,2155580497,1,2026-07-10 14:39:43.272191
"LLM","LOYAL METALS LTD","Materials",2021-07-06,65472021,1,2026-07-10 14:39:43.272191
"LM1","LEEUWIN METALS LTD","Materials",2023-03-29,27268197,1,2026-07-10 14:39:43.272191
"LM8","LUNNON METALS LIMITED","Materials",2021-06-16,67001681,1,2026-07-10 14:39:43.272191
"LMG","LATROBE MAGNESIUM LIMITED","Materials",1986-12-18,43807915,1,2026-07-10 14:39:43.272191
"LML","LINCOLN MINERALS LIMITED","Materials",2007-03-09,26926100,1,2026-07-10 14:39:43.272191
"LMS","LITCHFIELD MINERALS LIMITED","Materials",2024-03-15,14419033,1,2026-07-10 14:39:43.272191
"LNQ","LINQ MINERALS LIMITED","Materials",2025-06-27,59474177,1,2026-07-10 14:39:43.272191
"LNW","LIGHT & WONDER INC.","Consumer Services",2023-05-22,8902853033,1,2026-07-10 14:39:43.272191
"LOT","LOTUS RESOURCES LIMITED","Materials",2009-02-18,,1,2026-07-10 14:39:43.272191
"LOV","LOVISA HOLDINGS LIMITED","Consumer Discretionary Distribution & Retail",2014-12-18,2507119504,1,2026-07-10 14:39:43.272191
"LPE","LOCALITY PLANNING ENERGY HOLDINGS LIMITED","Utilities",2011-10-11,14609955,1,2026-07-10 14:39:43.272191
"LPM","LITHIUM PLUS MINERALS LTD.","Materials",2022-04-26,17749100,1,2026-07-10 14:39:43.272191
"LRD","LORD RESOURCES LIMITED","Materials",2022-04-07,2478028,1,2026-07-10 14:39:43.272191
"LRK","LARK DISTILLING CO. LTD","Food, Beverage & Tobacco",2003-11-12,94500855,1,2026-07-10 14:39:43.272191
"LRM","LION ROCK MINERALS LTD","Materials",2003-07-17,84270094,1,2026-07-10 14:39:43.272191
"LRT","LOWELL RESOURCES FUND","Not Applic",2018-03-22,92672411,1,2026-07-10 14:39:43.272191
"LRV","LARVOTTO RESOURCES LIMITED","Materials",2021-12-06,643982686,1,2026-07-10 14:39:43.272191
"LSA","LACHLAN STAR LIMITED","Materials",1971-07-28,44586783,1,2026-07-10 14:39:43.272191
"LSF","L1 LONG SHORT FUND LIMITED","Not Applic",2018-04-24,2932172720,1,2026-07-10 14:39:43.272191
"LSR","LODESTAR MINERALS LIMITED","Materials",2007-12-21,13109108,1,2026-07-10 14:39:43.272191
"LSX","LION SELECTION GROUP LIMITED.","Not Applic",2013-03-13,121759079,1,2026-07-10 14:39:43.272191
"LTP","LTR PHARMA LIMITED","Pharmaceuticals, Biotechnology & Life Sciences",2023-12-11,103613223,1,2026-07-10 14:39:43.272191
"LTR","LIONTOWN LIMITED","Materials",2006-12-27,4657397536,1,2026-07-10 14:39:43.272191
"LU7","LITHIUM UNIVERSE LIMITED","Materials",2011-10-19,9696661,1,2026-07-10 14:39:43.272191
"LVE","LOVE GROUP GLOBAL LTD","Software & Services",2014-12-05,4256088,1,2026-07-10 14:39:43.272191
"LYC","LYNAS RARE EARTHS LIMITED","Materials",1986-09-11,17191064032,1,2026-07-10 14:39:43.272191
"LYL","LYCOPODIUM LIMITED","Capital Goods",2004-12-17,754666892,1,2026-07-10 14:39:43.272191
"M24","MAMBA EXPLORATION LIMITED","Materials",2021-02-05,9263109,1,2026-07-10 14:39:43.272191
"M2M","MT MALCOLM MINES NL","Materials",2021-09-10,5422412,1,2026-07-10 14:39:43.272191
"M2R","MIRAMAR RESOURCES LIMITED","Materials",2020-10-22,6328770,1,2026-07-10 14:39:43.272191
"M3M","M3 MINING LIMITED","Materials",2021-07-29,5428940,1,2026-07-10 14:39:43.272191
"M4M","MACRO METALS LIMITED","Materials",1987-01-16,29741599,1,2026-07-10 14:39:43.272191
"M79","MAMMOTH MINERALS LIMITED","Materials",2022-04-13,24033258,1,2026-07-10 14:39:43.272191
"M7T","MACH7 TECHNOLOGIES LIMITED","Health Care Equipment & Services",2005-11-30,70502914,1,2026-07-10 14:39:43.272191
"M96","MAVERICK MINERALS AUSTRALIA LTD","Materials",2008-01-15,16218958,1,2026-07-10 14:39:43.272191
"MA1","MA CREDIT INCOME TRUST","Not Applic",2025-03-05,555110101,1,2026-07-10 14:39:43.272191
"MAD","MADER GROUP LIMITED","Commercial & Professional Services",2019-10-01,1593105330,1,2026-07-10 14:39:43.272191
"MAF","MA FINANCIAL GROUP LIMITED","Financial Services",2017-04-10,1323695247,1,2026-07-10 14:39:43.272191
"MAG","MAGMATIC RESOURCES LIMITED","Materials",2017-05-19,14564700,1,2026-07-10 14:39:43.272191
"MAH","MACMAHON HOLDINGS LIMITED","Materials",1983-12-01,1864062733,1,2026-07-10 14:39:43.272191
"MAM","MICROEQUITIES ASSET MANAGEMENT GROUP LIMITED","Financial Services",2018-04-30,56505944,1,2026-07-10 14:39:43.272191
"MAN","MANDRAKE RESOURCES LIMITED","Materials",1987-05-29,13172458,1,2026-07-10 14:39:43.272191
"MAP","MICROBA LIFE SCIENCES LIMITED","Health Care Equipment & Services",2022-04-05,25911377,1,2026-07-10 14:39:43.272191
"MAQ","MACQUARIE TECHNOLOGY GROUP LIMITED","Software & Services",1999-09-27,1638436143,1,2026-07-10 14:39:43.272191
"MAT","MATSA RESOURCES LIMITED","Materials",2005-04-20,62156299,1,2026-07-10 14:39:43.272191
"MAY","MELBANA ENERGY LIMITED","Energy",1998-03-27,18909844,1,2026-07-10 14:39:43.272191
"MBG","MB GOLD LIMITED","Materials",2026-02-06,7573418,1,2026-07-10 14:39:43.272191
"MBH","MAGGIE BEER HOLDINGS LTD","Food, Beverage & Tobacco",2004-08-27,31359227,1,2026-07-10 14:39:43.272191
"MBK","METAL BANK LIMITED","Materials",2011-03-02,10942294,1,2026-07-10 14:39:43.272191
"MC2","MARIMACA COPPER CORP.","Materials",2025-04-02,1081191875,1,2026-07-10 14:39:43.272191
"MCA","MURRAY COD AUSTRALIA LIMITED","Food, Beverage & Tobacco",2011-03-30,37180589,1,2026-07-10 14:39:43.272191
"MCE","MATRIX COMPOSITES & ENGINEERING LIMITED","Energy",2009-11-16,89312683,1,2026-07-10 14:39:43.272191
"MCM","MC MINING LIMITED","Energy",1980-04-24,228129805,1,2026-07-10 14:39:43.272191
"MCO","MYECO GROUP LTD","Materials",1996-11-21,10261370,1,2026-07-10 14:39:43.272191
"MCP","MCPHERSON'S LIMITED","Household & Personal Products",1962-06-30,21592371,1,2026-07-10 14:39:43.272191
"MCY","MERCURY NZ LIMITED","Utilities",2013-05-10,8165484638,1,2026-07-10 14:39:43.272191
"MDI","MIDDLE ISLAND RESOURCES LIMITED","Materials",2010-12-16,16886470,1,2026-07-10 14:39:43.272191
"MDX","MINDAX LIMITED","Materials",2004-12-08,44901152,1,2026-07-10 14:39:43.272191
"MEC","MORPHIC ETHICAL EQUITIES FUND LIMITED","Financial Services",2017-05-03,40927270,1,2026-07-10 14:39:43.272191
"MEG","MEGADO MINERALS LTD","Materials",2020-10-27,11530932,1,2026-07-10 14:39:43.272191
"MEI","METEORIC RESOURCES LIMITED","Materials",2004-07-16,494125196,1,2026-07-10 14:39:43.272191
"MEK","MEEKA METALS LIMITED","Materials",1999-12-21,313334510,1,2026-07-10 14:39:43.272191
"MEL","METGASCO LTD","Energy",2004-12-23,440907,1,2026-07-10 14:39:43.272191
"MEM","MEMPHASYS LIMITED.","Pharmaceuticals, Biotechnology & Life Sciences",2007-05-14,21610636,1,2026-07-10 14:39:43.272191
"MEU","MARMOTA LIMITED","Energy",2007-11-21,102337935,1,2026-07-10 14:39:43.272191
"MEX","MINERALS EXPLORATION LIMITED","Materials",2022-06-07,11517510,1,2026-07-10 14:39:43.272191
"MEZ","MERIDIAN ENERGY LIMITED","Utilities",2013-10-29,12448407780,1,2026-07-10 14:39:43.272191
"MFD","MAYFIELD CHILDCARE LIMITED","Consumer Services",2016-11-30,15084922,1,2026-07-10 14:39:43.272191
"MFF","MFF CAPITAL INVESTMENTS LIMITED","Not Applic",2006-12-19,3072152639,1,2026-07-10 14:39:43.272191
"MFG","MAGELLAN FINANCIAL GROUP LIMITED","Financial Services",2004-07-01,3081161155,1,2026-07-10 14:39:43.272191
"MGA","METALSGROVE MINING LTD","Materials",2022-07-06,15902600,1,2026-07-10 14:39:43.272191
"MGH","MAAS GROUP HOLDINGS LIMITED","Capital Goods",2020-12-04,1907839676,1,2026-07-10 14:39:43.272191
"MGL","MAGONTEC LIMITED","Materials",1983-07-07,11586961,1,2026-07-10 14:39:43.272191
"MGR","MIRVAC GROUP","Equity Real Estate Investment Trusts (REITs)",1999-06-16,6786879573,1,2026-07-10 14:39:43.272191
"MGT","MAGNETITE MINES LIMITED.","Materials",2006-04-06,4122256,1,2026-07-10 14:39:43.272191
"MGU","MAGNUM MINING AND EXPLORATION LIMITED","Materials",1987-04-23,19278223,1,2026-07-10 14:39:43.272191
"MGX","MGX RESOURCES LIMITED","Materials",1976-02-12,389541483,1,2026-07-10 14:39:43.272191
"MHC","MANHATTAN GOLD CORPORATION LIMITED","Energy",2008-01-29,13841111,1,2026-07-10 14:39:43.272191
"MHJ","MICHAEL HILL INTERNATIONAL LIMITED","Consumer Discretionary Distribution & Retail",2016-07-07,130846485,1,2026-07-10 14:39:43.272191
"MHK","METAL HAWK LIMITED.","Materials",2020-11-19,6909984,1,2026-07-10 14:39:43.272191
"MHM","MOUNT HOPE MINING LIMITED","Materials",2024-12-20,6873000,1,2026-07-10 14:39:43.272191
"MI6","MINERALS 260 LIMITED","Materials",2021-10-12,1441833278,1,2026-07-10 14:39:43.272191
"MIN","MINERAL RESOURCES LIMITED","Materials",2006-07-28,11687888084,1,2026-07-10 14:39:43.272191
"MIO","MACARTHUR MINERALS LIMITED","Materials",2019-12-06,8177037,1,2026-07-10 14:39:43.272191
"MIR","MIRRABOOKA INVESTMENTS LIMITED","Not Applic",2001-06-28,566362668,1,2026-07-10 14:39:43.272191
"MKR","MANUKA RESOURCES LTD.","Materials",2020-07-14,130119051,1,2026-07-10 14:39:43.272191
"ML8","MOONLIGHT RESOURCES LTD","Materials",2025-12-11,15509414,1,2026-07-10 14:39:43.272191
"MLG","MLG OZ LIMITED","Materials",2021-05-04,115442749,1,2026-07-10 14:39:43.272191
"MLS","METALS AUSTRALIA LTD","Materials",1986-01-23,13902671,1,2026-07-10 14:39:43.272191
"MLX","METALS X LIMITED","Materials",2004-08-26,1174468788,1,2026-07-10 14:39:43.272191
"MM1","MIDAS MINERALS LTD","Materials",2021-09-07,206313575,1,2026-07-10 14:39:43.272191
"MM8","MEDALLION METALS LIMITED.","Materials",2021-03-22,350740436,1,2026-07-10 14:39:43.272191
"MMA","MARONAN METALS LIMITED","Materials",2022-04-29,136707250,1,2026-07-10 14:39:43.272191
"MME","MONEYME LIMITED","Financial Services",2019-12-12,65847350,1,2026-07-10 14:39:43.272191
"MMI","METRO MINING LIMITED","Materials",2009-12-04,484660621,1,2026-07-10 14:39:43.272191
"MML","MCLAREN MINERALS LIMITED","Materials",2022-05-02,5560073,1,2026-07-10 14:39:43.272191
"MMR","MEC RESOURCES LIMITED","Energy",2006-05-29,3743980,1,2026-07-10 14:39:43.272191
"MMS","MCMILLAN SHAKESPEARE LIMITED","Commercial & Professional Services",2004-03-15,1370574712,1,2026-07-10 14:39:43.272191
"MNB","MINBOS RESOURCES LIMITED","Materials",2010-10-18,27884102,1,2026-07-10 14:39:43.272191
"MNC","MERINO & CO. LIMITED","Consumer Durables & Apparel",2024-10-30,6653391,1,2026-07-10 14:39:43.272191
"MND","MONADELPHOUS GROUP LIMITED","Capital Goods",1991-03-28,2769398071,1,2026-07-10 14:39:43.272191
"MNE","MACALLUM NEW ENERGY LIMITED","Energy",2026-02-25,17524793,1,2026-07-10 14:39:43.272191
"MOH","MOHO RESOURCES LIMITED","Materials",2018-11-07,8406849,1,2026-07-10 14:39:43.272191
"MOM","MOAB MINERALS LIMITED","Materials",1987-01-15,4031405,1,2026-07-10 14:39:43.272191
"MOT","METRICS INCOME OPPORTUNITIES TRUST","Not Applic",2019-04-29,549248910,1,2026-07-10 14:39:43.272191
"MOV","MOVE LOGISTICS GROUP LIMITED","Transportation",2022-07-01,18504033,1,2026-07-10 14:39:43.272191
"MP1","MEGAPORT LIMITED","Software & Services",2015-12-17,4504116975,1,2026-07-10 14:39:43.272191
"MPK","MANY PEAKS MINERALS LTD","Materials",2022-03-16,145024365,1,2026-07-10 14:39:43.272191
"MPL","MEDIBANK PRIVATE LIMITED","Insurance",2014-11-25,13907716362,1,2026-07-10 14:39:43.272191
"MPP","METRO PERFORMANCE GLASS LIMITED","Capital Goods",2014-07-30,24960336,1,2026-07-10 14:39:43.272191
"MPR","MPR AUSTRALIA LIMITED","Financial Services",1974-01-01,,1,2026-07-10 14:39:43.272191
"MPW","METAL POWDER WORKS LIMITED","Capital Goods",2012-11-01,292636516,1,2026-07-10 14:39:43.272191
"MPX","MUSTERA PROPERTY GROUP LIMITED","Real Estate Management & Development",2014-11-28,14683513,1,2026-07-10 14:39:43.272191
"MQG","MACQUARIE GROUP LIMITED","Financial Services",2007-11-05,96690363541,1,2026-07-10 14:39:43.272191
"MQR","MARQUEE RESOURCES LIMITED","Materials",2017-03-15,5110733,1,2026-07-10 14:39:43.272191
"MRD","MOUNT RIDLEY MINES LIMITED","Materials",2004-09-15,30552248,1,2026-07-10 14:39:43.272191
"MRE","METRICS REAL ESTATE MULTI-STRATEGY FUND","Not Applic",2024-10-16,287690885,1,2026-07-10 14:39:43.272191
"MRQ","MRG METALS LIMITED","Materials",2011-06-08,10448904,1,2026-07-10 14:39:43.272191
"MRR","MINREX RESOURCES LIMITED","Materials",2011-11-11,36355238,1,2026-07-10 14:39:43.272191
"MRT","MARITANA MINERALS LIMITED","Materials",1992-02-06,228715932,1,2026-07-10 14:39:43.272191
"MRZ","MONT ROYAL RESOURCES LIMITED","Materials",2019-05-07,23099170,1,2026-07-10 14:39:43.272191
"MSB","MESOBLAST LIMITED","Pharmaceuticals, Biotechnology & Life Sciences",2004-12-16,2615117808,1,2026-07-10 14:39:43.272191
"MSG","MCS SERVICES LIMITED","Commercial & Professional Services",2012-01-17,594299,1,2026-07-10 14:39:43.272191
"MSI","MULTISTACK INTERNATIONAL LIMITED","Capital Goods",1993-02-11,408912,1,2026-07-10 14:39:43.272191
"MSV","MITCHELL SERVICES LIMITED","Materials",2011-08-02,104100760,1,2026-07-10 14:39:43.272191
"MTC","METALSTECH LIMITED","Materials",2017-02-24,49960990,1,2026-07-10 14:39:43.272191
"MTH","MITHRIL SILVER AND GOLD LIMITED","Materials",2002-11-18,44059623,1,2026-07-10 14:39:43.272191
"MTL","MANTLE MINERALS LIMITED","Materials",2000-07-11,7233115,1,2026-07-10 14:39:43.272191
"MTM","METALLIUM LIMITED","Materials",2021-07-15,298991156,1,2026-07-10 14:39:43.272191
"MTO","MOTORCYCLE HOLDINGS LIMITED","Consumer Discretionary Distribution & Retail",2016-04-29,188350645,1,2026-07-10 14:39:43.272191
"MTS","METCASH LIMITED","Consumer Staples Distribution & Retail",2005-04-08,3376159302,1,2026-07-10 14:39:43.272191
"MVF","MONASH IVF GROUP LIMITED","Health Care Equipment & Services",2014-06-26,274692562,1,2026-07-10 14:39:43.272191
"MVL","MARVEL GOLD LIMITED","Materials",2016-06-14,17066328,1,2026-07-10 14:39:43.272191
"MVP","MEDICAL DEVELOPMENTS INTERNATIONAL LIMITED","Pharmaceuticals, Biotechnology & Life Sciences",2003-12-15,49006371,1,2026-07-10 14:39:43.272191
"MX1","MICRO-X LIMITED","Health Care Equipment & Services",2015-12-22,25433120,1,2026-07-10 14:39:43.272191
"MXI","MAXIPARTS LIMITED","Capital Goods",1994-12-07,76681021,1,2026-07-10 14:39:43.272191
"MXO","MOTIO LTD","Media & Entertainment",2011-05-09,16780973,1,2026-07-10 14:39:43.272191
"MXT","METRICS MASTER INCOME TRUST","Not Applic",2017-10-09,2372050822,1,2026-07-10 14:39:43.272191
"MYE","MASTERMYNE GROUP LIMITED","Materials",2010-05-07,103397808,1,2026-07-10 14:39:43.272191
"MYG","MAYFIELD GROUP HOLDINGS LIMITED","Capital Goods",1986-10-30,290574705,1,2026-07-10 14:39:43.272191
"MYR","MYER HOLDINGS LIMITED","Consumer Discretionary Distribution & Retail",2009-11-02,510570129,1,2026-07-10 14:39:43.272191
"MYS","MYSTATE LIMITED","Banks",2009-09-10,814602782,1,2026-07-10 14:39:43.272191
"MYX","MAYNE PHARMA GROUP LIMITED","Pharmaceuticals, Biotechnology & Life Sciences",2007-06-29,232363065,1,2026-07-10 14:39:43.272191
"N1H","N1 HOLDINGS LIMITED","Financial Services",2016-03-18,7925002,1,2026-07-10 14:39:43.272191
"NAB","NATIONAL AUSTRALIA BANK LIMITED","Banks",1962-01-31,123416877754,1,2026-07-10 14:39:43.272191
"NAC","NAOS EX-50 OPPORTUNITIES COMPANY LIMITED","Not Applic",2014-11-12,25645051,1,2026-07-10 14:39:43.272191
"NAE","NEW AGE EXPLORATION LIMITED","Energy",1994-02-18,8684525,1,2026-07-10 14:39:43.272191
"NAG","NAGAMBIE RESOURCES LIMITED","Materials",2006-06-23,11378651,1,2026-07-10 14:39:43.272191
"NAN","NANOSONICS LIMITED","Health Care Equipment & Services",2007-05-17,986405884,1,2026-07-10 14:39:43.272191
"NC1","NICO RESOURCES LIMITED","Materials",2022-01-19,17099289,1,2026-07-10 14:39:43.272191
"NC6","NANOLLOSE LIMITED","Pharmaceuticals, Biotechnology & Life Sciences",2017-10-18,29853669,1,2026-07-10 14:39:43.272191
"NCC","NAOS EMERGING OPPORTUNITIES COMPANY LIMITED","Not Applic",2013-02-26,28043848,1,2026-07-10 14:39:43.272191
"NCK","NICK SCALI LIMITED","Consumer Discretionary Distribution & Retail",2004-05-26,1392439780,1,2026-07-10 14:39:43.272191
"NDO","NIDO EDUCATION LIMITED","Consumer Services",2023-10-16,87367621,1,2026-07-10 14:39:43.272191
"NEC","NINE ENTERTAINMENT CO. HOLDINGS LIMITED","Media & Entertainment",2013-12-06,1482687585,1,2026-07-10 14:39:43.272191
"NEM","NEWMONT CORPORATION","Materials",2023-10-27,144091830988,1,2026-07-10 14:39:43.272191
"NES","NELSON RESOURCES LIMITED.","Materials",2017-12-07,8354069,1,2026-07-10 14:39:43.272191
"NEU","NEUREN PHARMACEUTICALS LIMITED","Pharmaceuticals, Biotechnology & Life Sciences",2005-02-03,2122196358,1,2026-07-10 14:39:43.272191
"NFL","NORFOLK METALS LIMITED","Materials",2022-03-22,,1,2026-07-10 14:39:43.272191
"NFM","NEW FRONTIER MINERALS LIMITED","Materials",2010-12-14,10429778,1,2026-07-10 14:39:43.272191
"NGE","NGE CAPITAL LIMITED","Not Applic",2007-12-28,41366390,1,2026-07-10 14:39:43.272191
"NGI","NAVIGATOR GLOBAL INVESTMENTS LIMITED","Financial Services",2006-04-28,1501087587,1,2026-07-10 14:39:43.272191
"NGS","NUTRITIONAL GROWTH SOLUTIONS LTD","Household & Personal Products",2020-10-30,7328051,1,2026-07-10 14:39:43.272191
"NGX","NGX LIMITED","Materials",2023-06-16,8155066,1,2026-07-10 14:39:43.272191
"NGY","NUENERGY GAS LIMITED","Energy",1987-01-15,72921959,1,2026-07-10 14:39:43.272191
"NH3","NH3 CLEAN ENERGY LIMITED","Materials",2008-10-30,71288022,1,2026-07-10 14:39:43.272191
"NHC","NEW HOPE CORPORATION LIMITED","Energy",2003-09-16,4176676617,1,2026-07-10 14:39:43.272191
"NHE","NOBLE HELIUM LIMITED","Energy",2022-04-08,36163787,1,2026-07-10 14:39:43.272191
"NHF","NIB HOLDINGS LIMITED","Insurance",2007-11-05,3520172095,1,2026-07-10 14:39:43.272191
"NHU","NEU HORIZON URANIUM LIMITED","Energy",2026-07-07,19995834,1,2026-07-10 14:39:43.272191
"NIC","NICKEL INDUSTRIES LIMITED","Materials",2018-08-20,3734064853,1,2026-07-10 14:39:43.272191
"NIM","NIMY RESOURCES LIMITED","Materials",2021-11-22,13564485,1,2026-07-10 14:39:43.272191
"NME","NEX METALS EXPLORATION LIMITED","Materials",2007-12-06,4101404,1,2026-07-10 14:39:43.272191
"NMG","NEW MURCHISON GOLD LIMITED","Materials",2001-03-22,456298147,1,2026-07-10 14:39:43.272191
"NMR","NATIVE MINERAL RESOURCES HOLDINGS LIMITED","Materials",2020-11-16,52738215,1,2026-07-10 14:39:43.272191
"NMT","NEOMETALS LTD","Materials",2002-07-10,17071482,1,2026-07-10 14:39:43.272191
"NNL","NORDIC RESOURCES LTD","Materials",2022-06-01,77294834,1,2026-07-10 14:39:43.272191
"NOL","NOBLEOAK LIFE LIMITED","Insurance",2021-07-22,113494970,1,2026-07-10 14:39:43.272191
"NOR","NORWOOD SYSTEMS LIMITED","Software & Services",1995-06-27,14497697,1,2026-07-10 14:39:43.272191
"NOU","NOUMI LIMITED","Food, Beverage & Tobacco",1985-11-07,27710932,1,2026-07-10 14:39:43.272191
"NOV","NOVATTI GROUP LIMITED","Software & Services",2016-01-18,9347167,1,2026-07-10 14:39:43.272191
"NOX","NOXOPHARM LIMITED","Pharmaceuticals, Biotechnology & Life Sciences",2016-08-09,29341224,1,2026-07-10 14:39:43.272191
"NPM","NEWPEAK METALS LIMITED","Materials",2011-04-11,6582866,1,2026-07-10 14:39:43.272191
"NRX","NORONEX LIMITED","Materials",2017-11-15,7018699,1,2026-07-10 14:39:43.272191
"NRZ","NEURIZER LTD","Materials",2005-03-17,,1,2026-07-10 14:39:43.272191
"NSB","NEUROSCIENTIFIC BIOPHARMACEUTICALS LTD","Pharmaceuticals, Biotechnology & Life Sciences",2018-07-27,27280298,1,2026-07-10 14:39:43.272191
"NSC","NAOS SMALL CAP OPPORTUNITIES COMPANY LIMITED","Not Applic",2004-03-25,44880440,1,2026-07-10 14:39:43.272191
"NSM","NORTH STAWELL MINERALS LTD","Materials",2020-09-24,7851296,1,2026-07-10 14:39:43.272191
"NST","NORTHERN STAR RESOURCES LTD","Materials",2003-12-17,28937790809,1,2026-07-10 14:39:43.272191
"NTD","NTAW HOLDINGS LIMITED","Consumer Discretionary Distribution & Retail",2017-12-15,33541522,1,2026-07-10 14:39:43.272191
"NTI","NEUROTECH INTERNATIONAL LIMITED","Health Care Equipment & Services",2016-11-04,21083867,1,2026-07-10 14:39:43.272191
"NTM","NT MINERALS LIMITED","Materials",1993-12-22,,1,2026-07-10 14:39:43.272191
"NTU","NORTHERN MINERALS LIMITED","Materials",2006-11-15,267358210,1,2026-07-10 14:39:43.272191
"NUC","NUCHEV LIMITED","Food, Beverage & Tobacco",2019-12-09,12545501,1,2026-07-10 14:39:43.272191
"NUF","NUFARM LIMITED","Materials",1988-11-10,1064106378,1,2026-07-10 14:39:43.272191
"NUZ","NEURIZON THERAPEUTICS LIMITED","Pharmaceuticals, Biotechnology & Life Sciences",2001-10-05,50400115,1,2026-07-10 14:39:43.272191
"NVA","NOVA MINERALS CORP","Materials",1987-06-11,258867519,1,2026-07-10 14:39:43.272191
"NVO","NOVO RESOURCES CORP.","Materials",2023-09-11,28119164,1,2026-07-10 14:39:43.272191
"NVQ","NOVIQTECH LIMITED","Software & Services",2018-12-13,,1,2026-07-10 14:39:43.272191
"NVU","NANOVEU LIMITED","Technology Hardware & Equipment",2018-11-30,47841852,1,2026-07-10 14:39:43.272191
"NVX","NOVONIX LIMITED","Technology Hardware & Equipment",2015-12-02,153697495,1,2026-07-10 14:39:43.272191
"NWH","NRW HOLDINGS LIMITED","Capital Goods",2007-09-05,3184105950,1,2026-07-10 14:39:43.272191
"NWL","NETWEALTH GROUP LIMITED","Financial Services",2017-11-20,5764368553,1,2026-07-10 14:39:43.272191
"NWM","NORWEST MINERALS LIMITED","Materials",2018-11-29,8652072,1,2026-07-10 14:39:43.272191
"NWS","NEWS CORPORATION..","Media & Entertainment",2013-06-19,24065243098,1,2026-07-10 14:39:43.272191
"NWSLV","NEWS CORPORATION..","Media & Entertainment",2013-06-19,24065243098,1,2026-07-10 14:39:43.272191
"NX1","NEXALIS THERAPEUTICS LTD","Pharmaceuticals, Biotechnology & Life Sciences",2017-01-11,2530373,1,2026-07-10 14:39:43.272191
"NXD","NEXTED GROUP LIMITED","Consumer Services",2009-08-24,20124875,1,2026-07-10 14:39:43.272191
"NXG","NEXGEN ENERGY (CANADA) LTD","Energy",2021-07-02,8850680533,1,2026-07-10 14:39:43.272191
"NXL","NUIX LIMITED","Software & Services",2020-12-04,420052597,1,2026-07-10 14:39:43.272191
"NXM","NEXUS MINERALS LIMITED","Materials",2007-02-23,27772942,1,2026-07-10 14:39:43.272191
"NXN","NEXSEN LIMITED","Pharmaceuticals, Biotechnology & Life Sciences",2025-10-14,66064746,1,2026-07-10 14:39:43.272191
"NXT","NEXTDC LIMITED","Software & Services",2010-12-13,10387286795,1,2026-07-10 14:39:43.272191
"NYM","NARRYER METALS LIMITED","Materials",2022-04-14,10562740,1,2026-07-10 14:39:43.272191
"NYR","NYRADA INC.","Pharmaceuticals, Biotechnology & Life Sciences",2020-01-16,103778989,1,2026-07-10 14:39:43.272191
"NZK","NEW ZEALAND KING SALMON INVESTMENTS LIMITED","Food, Beverage & Tobacco",2016-10-19,96872809,1,2026-07-10 14:39:43.272191
"NZM","NZME LIMITED","Media & Entertainment",2016-06-27,165599825,1,2026-07-10 14:39:43.272191
"OAK","OAKRIDGE INTERNATIONAL LIMITED","Software & Services",2007-06-22,2271847,1,2026-07-10 14:39:43.272191
"OB1","ORBMINCO LIMITED","Materials",2005-09-15,7092041,1,2026-07-10 14:39:43.272191
"OBL","OMNI BRIDGEWAY LIMITED","Financial Services",2000-01-28,464875760,1,2026-07-10 14:39:43.272191
"OBM","ORA BANDA MINING LTD","Materials",2002-10-29,2081865333,1,2026-07-10 14:39:43.272191
"OCA","OCEANIA HEALTHCARE LIMITED","Health Care Equipment & Services",2017-05-05,445402083,1,2026-07-10 14:39:43.272191
"OCC","ORTHOCELL LIMITED","Pharmaceuticals, Biotechnology & Life Sciences",2014-08-12,230054323,1,2026-07-10 14:39:43.272191
"OCL","OBJECTIVE CORPORATION LIMITED","Software & Services",2000-08-17,646296918,1,2026-07-10 14:39:43.272191
"OCN","OCEANA METALS LIMITED","Materials",2022-07-01,97686425,1,2026-07-10 14:39:43.272191
"OCT","OCTAVA MINERALS LIMITED","Materials",2022-09-16,2509830,1,2026-07-10 14:39:43.272191
"OD6","OD6 METALS LIMITED","Materials",2022-06-22,42249510,1,2026-07-10 14:39:43.272191
"ODA","ORCODA LIMITED","Software & Services",1986-09-15,18751421,1,2026-07-10 14:39:43.272191
"ODE","ODESSA MINERALS LIMITED","Materials",1986-07-03,43093220,1,2026-07-10 14:39:43.272191
"ODY","ODYSSEY GOLD LTD","Materials",2005-11-30,42384627,1,2026-07-10 14:39:43.272191
"OEC","ORBITAL CORPORATION LIMITED","Capital Goods",1989-01-24,28697575,1,2026-07-10 14:39:43.272191
"OEL","OTTO ENERGY LIMITED","Energy",2004-12-22,31167564,1,2026-07-10 14:39:43.272191
"OEQ","ORION EQUITIES LIMITED","Financial Services",1970-11-19,2973353,1,2026-07-10 14:39:43.272191
"OFX","OFX GROUP LIMITED","Financial Services",2013-10-11,124522919,1,2026-07-10 14:39:43.272191
"OIL","OPTISCAN IMAGING LIMITED","Health Care Equipment & Services",1997-08-08,161847378,1,2026-07-10 14:39:43.272191
"OKJ","OAKAJEE CORPORATION LIMITED","Materials",2008-06-11,4480855,1,2026-07-10 14:39:43.272191
"OLH","OLDFIELDS HOLDINGS LIMITED","Capital Goods",1960-06-15,,1,2026-07-10 14:39:43.272191
"OLI","OLIVER'S REAL FOOD LIMITED","Consumer Services",2017-06-21,3244392,1,2026-07-10 14:39:43.272191
"OLL","OPENLEARNING LIMITED","Software & Services",2019-12-12,13296377,1,2026-07-10 14:39:43.272191
"OLY","OLYMPIO METALS LIMITED","Materials",2017-09-12,6729757,1,2026-07-10 14:39:43.272191
"OM1","OMNIA METALS GROUP LTD","Materials",2022-03-02,6422105,1,2026-07-10 14:39:43.272191
"OMA","OMEGA OIL & GAS LIMITED","Energy",2022-10-25,343371333,1,2026-07-10 14:39:43.272191
"OMG","OMG GROUP LIMITED","Food, Beverage & Tobacco",2020-08-31,5677769,1,2026-07-10 14:39:43.272191
"OMH","OM HOLDINGS LIMITED","Materials",1998-03-12,183901632,1,2026-07-10 14:39:43.272191
"OML","OOH!MEDIA LIMITED","Media & Entertainment",2014-12-17,771189173,1,2026-07-10 14:39:43.272191
"OMX","ORANGE MINERALS NL","Materials",2021-12-08,9063439,1,2026-07-10 14:39:43.272191
"ONE","ONEVIEW HEALTHCARE PLC","Health Care Equipment & Services",2016-03-17,130074924,1,2026-07-10 14:39:43.272191
"OPH","OPHIR HIGH CONVICTION FUND","Not Applic",2018-12-19,554170105,1,2026-07-10 14:39:43.272191
"OR3","ORE RESOURCES LIMITED","Materials",2011-09-01,65368628,1,2026-07-10 14:39:43.272191
"ORA","ORORA LIMITED","Materials",2013-12-18,1684846349,1,2026-07-10 14:39:43.272191
"ORD","ORDELL MINERALS LIMITED","Materials",2024-07-19,40054423,1,2026-07-10 14:39:43.272191
"ORE","OREZONE GOLD CORPORATION","Materials",2025-08-08,1574637491,1,2026-07-10 14:39:43.272191
"ORG","ORIGIN ENERGY LIMITED","Utilities",1961-07-13,17795983441,1,2026-07-10 14:39:43.272191
"ORI","ORICA LIMITED","Materials",1961-11-28,10944239039,1,2026-07-10 14:39:43.272191
"ORN","ORION MINERALS LTD","Materials",2003-10-31,214905129,1,2026-07-10 14:39:43.272191
"ORP","ORPHEUS URANIUM LIMITED","Materials",1986-01-23,30634562,1,2026-07-10 14:39:43.272191
"OSL","ONCOSIL MEDICAL LTD","Pharmaceuticals, Biotechnology & Life Sciences",2005-08-15,33360010,1,2026-07-10 14:39:43.272191
"OSM","OSMOND RESOURCES LIMITED","Materials",2022-04-22,92478704,1,2026-07-10 14:39:43.272191
"OSX","OSTEOPORE LIMITED","Health Care Equipment & Services",2019-09-23,3392207,1,2026-07-10 14:39:43.272191
"OVT","OVANTI LIMITED","Media & Entertainment",2000-10-12,7979178,1,2026-07-10 14:39:43.272191
"OZM","OZAURUM RESOURCES LIMITED","Materials",2021-02-08,26118169,1,2026-07-10 14:39:43.272191
"OZZ","OZZ RESOURCES LIMITED","Materials",2021-07-05,,1,2026-07-10 14:39:43.272191
"P1E","PURE ONE CORPORATION LIMITED","Energy",2013-03-12,14190654,1,2026-07-10 14:39:43.272191
"PAB","PATRYS LIMITED","Pharmaceuticals, Biotechnology & Life Sciences",2007-07-13,26257944,1,2026-07-10 14:39:43.272191
"PAC","PACIFIC CURRENT GROUP LIMITED","Financial Services",1987-09-25,321903895,1,2026-07-10 14:39:43.272191
"PAF","PAN AFRICAN RESOURCES PLC","Class Pend",2026-06-23,4434089569,1,2026-07-10 14:39:43.272191
"PAR","PARADIGM BIOPHARMACEUTICALS LIMITED..","Pharmaceuticals, Biotechnology & Life Sciences",2015-08-19,99423411,1,2026-07-10 14:39:43.272191
"PAT","PATRIOT RESOURCES LIMITED","Materials",2022-12-09,19642801,1,2026-07-10 14:39:43.272191
"PBH","POINTSBET HOLDINGS LIMITED","Consumer Services",2019-06-12,330207253,1,2026-07-10 14:39:43.272191
"PBL","PARABELLUM RESOURCES LIMITED","Materials",2021-11-29,3738000,1,2026-07-10 14:39:43.272191
"PC2","PC GOLD LTD","Materials",2025-10-21,343037002,1,2026-07-10 14:39:43.272191
"PCG","PENGANA CAPITAL GROUP LIMITED","Financial Services",2001-02-28,83160268,1,2026-07-10 14:39:43.272191
"PCI","PERPETUAL CREDIT INCOME TRUST","Not Applic",2019-05-14,800708969,1,2026-07-10 14:39:43.272191
"PCK","PAINCHEK LTD","Health Care Equipment & Services",2012-05-01,22990804,1,2026-07-10 14:39:43.272191
"PCL","PANCONTINENTAL ENERGY NL","Energy",1986-09-11,82860802,1,2026-07-10 14:39:43.272191
"PCX","PENGANA GLOBAL PRIVATE CREDIT TRUST","Not Applic",2024-06-21,229948297,1,2026-07-10 14:39:43.272191
"PDI","PREDICTIVE DISCOVERY LIMITED","Materials",2010-12-01,3383952872,1,2026-07-10 14:39:43.272191
"PDN","PALADIN ENERGY LTD","Energy",1994-03-29,4273398584,1,2026-07-10 14:39:43.272191
"PE1","PENGANA PRIVATE EQUITY TRUST","Not Applic",2019-04-30,384846981,1,2026-07-10 14:39:43.272191
"PEB","PACIFIC EDGE LIMITED","Pharmaceuticals, Biotechnology & Life Sciences",2021-09-27,285626118,1,2026-07-10 14:39:43.272191
"PEC","PERPETUAL RESOURCES LIMITED","Materials",2013-02-28,20514404,1,2026-07-10 14:39:43.272191
"PEN","PENINSULA ENERGY LIMITED","Energy",1994-05-26,197176956,1,2026-07-10 14:39:43.272191
"PER","PERCHERON THERAPEUTICS LIMITED","Pharmaceuticals, Biotechnology & Life Sciences",2001-12-20,4567238,1,2026-07-10 14:39:43.272191
"PET","PHOSLOCK ENVIRONMENTAL TECHNOLOGIES LIMITED","Commercial & Professional Services",2002-08-16,3746343,1,2026-07-10 14:39:43.272191
"PFE","PANTERA MINERALS LIMITED","Materials",2021-08-05,8377227,1,2026-07-10 14:39:43.272191
"PFG","PRIME FINANCIAL GROUP LIMITED","Financial Services",2004-12-07,57641991,1,2026-07-10 14:39:43.272191
"PFM","PLATFORMO LTD","Software & Services",2017-11-30,2562524,1,2026-07-10 14:39:43.272191
"PFP","PROPEL FUNERAL PARTNERS LIMITED","Consumer Services",2017-11-23,444274973,1,2026-07-10 14:39:43.272191
"PFT","PURE FOODS TASMANIA LIMITED","Food, Beverage & Tobacco",2005-12-19,8188615,1,2026-07-10 14:39:43.272191
"PGC","PARAGON CARE LIMITED","Health Care Equipment & Services",1999-10-15,240019281,1,2026-07-10 14:39:43.272191
"PGD","PEREGRINE GOLD LTD","Materials",2021-03-31,16797465,1,2026-07-10 14:39:43.272191
"PGF","PM CAPITAL GLOBAL OPPORTUNITIES FUND LIMITED","Not Applic",2013-12-12,1551916730,1,2026-07-10 14:39:43.272191
"PGL","PILBARA GOLD LIMITED","Materials",1973-05-30,121688335,1,2026-07-10 14:39:43.272191
"PGM","PLATINA RESOURCES LIMITED","Materials",2006-05-29,15882780,1,2026-07-10 14:39:43.272191
"PGO","PACGOLD LIMITED","Materials",2021-07-08,47982437,1,2026-07-10 14:39:43.272191
"PGY","PILOT ENERGY LIMITED","Energy",2006-04-20,,1,2026-07-10 14:39:43.272191
"PHO","PHOSCO LTD","Materials",2009-12-17,75711535,1,2026-07-10 14:39:43.272191
"PHX","PHARMX TECHNOLOGIES LIMITED","Software & Services",1971-07-28,69243034,1,2026-07-10 14:39:43.272191
"PIA","PENGANA INTERNATIONAL EQUITIES LIMITED","Not Applic",2004-03-19,343107874,1,2026-07-10 14:39:43.272191
"PIC","PERPETUAL EQUITY INVESTMENT COMPANY LIMITED","Not Applic",2014-12-18,448833034,1,2026-07-10 14:39:43.272191
"PIL","PEPPERMINT INNOVATION LIMITED","Software & Services",2008-05-29,,1,2026-07-10 14:39:43.272191
"PIM","PINNACLE MINERALS LIMITED","Materials",2022-03-23,5773171,1,2026-07-10 14:39:43.272191
"PIQ","PROTEOMICS INTERNATIONAL LABORATORIES LTD","Pharmaceuticals, Biotechnology & Life Sciences",2015-04-16,26431602,1,2026-07-10 14:39:43.272191
"PKD","PARKD LTD","Commercial & Professional Services",2017-12-06,4480521,1,2026-07-10 14:39:43.272191
"PKO","PEAKO LIMITED","Materials",2009-12-02,8532460,1,2026-07-10 14:39:43.272191
"PKP","PEAK PROCESSING LIMITED","Pharmaceuticals, Biotechnology & Life Sciences",2018-09-21,22588562,1,2026-07-10 14:39:43.272191
"PKY","PATHKEY.AI LTD","Software & Services",1996-03-07,65033068,1,2026-07-10 14:39:43.272191
"PL3","PATAGONIA LITHIUM LTD","Materials",2023-03-31,24106554,1,2026-07-10 14:39:43.272191
"PL8","PLATO INCOME MAXIMISER LIMITED.","Not Applic",2017-05-05,1040604354,1,2026-07-10 14:39:43.272191
"PL9","PRAIRIE LITHIUM LIMITED","Materials",1971-07-08,36272044,1,2026-07-10 14:39:43.272191
"PLA","PACIFIC LIME AND CEMENT LIMITED","Materials",2017-09-21,335680278,1,2026-07-10 14:39:43.272191
"PLC","PLC RESOURCES LIMITED","Materials",2022-02-11,9387933,1,2026-07-10 14:39:43.272191
"PLG","PEARL GULL IRON LIMITED","Materials",2021-09-20,,1,2026-07-10 14:39:43.272191
"PLS","PLS GROUP LIMITED","Materials",2007-09-19,15156510236,1,2026-07-10 14:39:43.272191
"PLT","PLENTI GROUP LIMITED","Financial Services",2020-09-23,136829440,1,2026-07-10 14:39:43.272191
"PLY","PLAYSIDE STUDIOS LIMITED","Media & Entertainment",2020-12-17,56729327,1,2026-07-10 14:39:43.272191
"PME","PRO MEDICUS LIMITED","Health Care Equipment & Services",2000-10-10,22161213251,1,2026-07-10 14:39:43.272191
"PMM","PIONEER MINERALS LIMITED","Materials",2023-09-28,9497327,1,2026-07-10 14:39:43.272191
"PMT","PMET RESOURCES INC.","Materials",2022-12-07,1041279686,1,2026-07-10 14:39:43.272191
"PMV","PREMIER INVESTMENTS LIMITED","Consumer Discretionary Distribution & Retail",1987-12-15,2264987486,1,2026-07-10 14:39:43.272191
"PNC","PIONEER CREDIT LIMITED","Financial Services",2014-05-01,115719368,1,2026-07-10 14:39:43.272191
"PNI","PINNACLE INVESTMENT MANAGEMENT GROUP LIMITED","Financial Services",2007-06-19,4253385409,1,2026-07-10 14:39:43.272191
"PNM","PACIFIC NICKEL MINES LIMITED","Materials",2002-11-26,,1,2026-07-10 14:39:43.272191
"PNN","POWER MINERALS LIMITED","Materials",2005-04-15,52525685,1,2026-07-10 14:39:43.272191
"PNR","PANTORO GOLD LIMITED","Materials",1987-05-21,861278199,1,2026-07-10 14:39:43.272191
"PNT","PANTHER METALS LTD","Materials",2021-12-10,2450236,1,2026-07-10 14:39:43.272191
"PNV","POLYNOVO LIMITED","Health Care Equipment & Services",1998-11-26,687388776,1,2026-07-10 14:39:43.272191
"POD","PODIUM MINERALS LIMITED","Materials",2018-02-28,35208842,1,2026-07-10 14:39:43.272191
"POL","POLYMETALS RESOURCES LTD","Materials",2021-06-29,262908163,1,2026-07-10 14:39:43.272191
"PPC","PEET LIMITED","Real Estate Management & Development",2004-08-05,802892610,1,2026-07-10 14:39:43.272191
"PPE","PEOPLEIN LIMITED","Commercial & Professional Services",2017-11-22,77162005,1,2026-07-10 14:39:43.272191
"PPG","PRO-PAC PACKAGING LIMITED","Materials",2005-04-27,,1,2026-07-10 14:39:43.272191
"PPK","PPK GROUP LIMITED","Materials",1994-12-21,32238437,1,2026-07-10 14:39:43.272191
"PPL","PUREPROFILE LTD","Media & Entertainment",2015-07-29,36133007,1,2026-07-10 14:39:43.272191
"PPM","PEPPER MONEY LIMITED","Financial Services",2021-05-25,736778285,1,2026-07-10 14:39:43.272191
"PPS","PRAEMIUM LIMITED","Software & Services",2006-05-11,346105432,1,2026-07-10 14:39:43.272191
"PPT","PERPETUAL LIMITED","Financial Services",1964-06-24,2231683653,1,2026-07-10 14:39:43.272191
"PPY","PAPYRUS AUSTRALIA LIMITED","Materials",2005-04-15,6488817,1,2026-07-10 14:39:43.272191
"PR1","PURE RESOURCES LIMITED","Materials",2022-04-21,27509454,1,2026-07-10 14:39:43.272191
"PR2","PICHE RESOURCES LIMITED","Not Applic",2024-07-15,3746569,1,2026-07-10 14:39:43.272191
"PRG","PRL GLOBAL LTD","Materials",1987-07-24,,1,2026-07-10 14:39:43.272191
"PRM","PROMINENCE ENERGY LIMITED","Energy",1992-01-23,2675467,1,2026-07-10 14:39:43.272191
"PRN","PERENTI LIMITED","Materials",1994-01-06,2000472805,1,2026-07-10 14:39:43.272191
"PRO","PROPHECY INTERNATIONAL HOLDINGS LIMITED","Software & Services",1998-04-22,6283129,1,2026-07-10 14:39:43.272191
"PRU","PERSEUS MINING LIMITED","Materials",2004-09-22,6516215631,1,2026-07-10 14:39:43.272191
"PRX","PRODIGY GOLD NL","Materials",1986-08-21,22922349,1,2026-07-10 14:39:43.272191
"PSC","PROSPECT RESOURCES LIMITED","Materials",2009-12-04,241253941,1,2026-07-10 14:39:43.272191
"PSL","PATERSON RESOURCES LTD","Materials",2006-10-18,18776203,1,2026-07-10 14:39:43.272191
"PTL","PRESTAL HOLDINGS LIMITED","Household & Personal Products",2000-08-29,3750109,1,2026-07-10 14:39:43.272191
"PTN","PATRONUS RESOURCES LIMITED","Materials",2013-10-02,71005047,1,2026-07-10 14:39:43.272191
"PTR","PTR MINERALS LTD","Materials",2004-07-27,33992770,1,2026-07-10 14:39:43.272191
"PTX","PRESCIENT THERAPEUTICS LIMITED","Pharmaceuticals, Biotechnology & Life Sciences",1986-12-19,74657533,1,2026-07-10 14:39:43.272191
"PUR","PURSUIT MINERALS LTD","Materials",2008-09-10,17292739,1,2026-07-10 14:39:43.272191
"PV1","PROVARIS ENERGY LTD","Energy",2005-03-21,9339730,1,2026-07-10 14:39:43.272191
"PVE","PO VALLEY ENERGY LIMITED","Energy",2004-12-14,69537697,1,2026-07-10 14:39:43.272191
"PVL","POWERHOUSE VENTURES LIMITED","Financial Services",2016-10-12,24219810,1,2026-07-10 14:39:43.272191
"PVT","PIVOTAL METALS LIMITED","Materials",2018-07-26,18384415,1,2026-07-10 14:39:43.272191
"PWH","PWR HOLDINGS LIMITED","Automobiles & Components",2015-11-18,869966155,1,2026-07-10 14:39:43.272191
"PWN","PARKWAY CORPORATE LIMITED","Materials",2011-05-13,29073561,1,2026-07-10 14:39:43.272191
"PWR","PETER WARREN AUTOMOTIVE HOLDINGS LIMITED","Consumer Discretionary Distribution & Retail",2021-04-27,167088386,1,2026-07-10 14:39:43.272191
"PXA","PEXA GROUP LIMITED","Real Estate Management & Development",2021-07-01,1451473667,1,2026-07-10 14:39:43.272191
"PXR","PACIFIC RESOURCES LIMITED","Energy",2003-03-17,3600384,1,2026-07-10 14:39:43.272191
"PXX","POLARX LIMITED","Materials",2012-12-21,38150270,1,2026-07-10 14:39:43.272191
"PYC","PYC THERAPEUTICS LIMITED","Pharmaceuticals, Biotechnology & Life Sciences",2005-03-30,1534276297,1,2026-07-10 14:39:43.272191
"QAL","QUALITAS LIMITED","Real Estate Management & Development",2021-12-16,958529964,1,2026-07-10 14:39:43.272191
"QAN","QANTAS AIRWAYS LIMITED","Transportation",1995-07-31,15964252393,1,2026-07-10 14:39:43.272191
"QBE","QBE INSURANCE GROUP LIMITED","Insurance",1973-06-28,37948221487,1,2026-07-10 14:39:43.272191
"QEM","QEM LIMITED","Materials",2018-10-19,7083340,1,2026-07-10 14:39:43.272191
"QFE","QUICKFEE LIMITED","Financial Services",2019-07-11,27225281,1,2026-07-10 14:39:43.272191
"QGL","QUANTUM GRAPHITE LIMITED","Materials",2014-01-06,136727911,1,2026-07-10 14:39:43.272191
"QML","QMINES LIMITED","Materials",2021-05-06,40143556,1,2026-07-10 14:39:43.272191
"QOR","QORIA LIMITED","Software & Services",2016-08-29,,1,2026-07-10 14:39:43.272191
"QPM","QPM ENERGY LIMITED","Materials",2008-03-14,35621262,1,2026-07-10 14:39:43.272191
"QRI","QUALITAS REAL ESTATE INCOME FUND","Financial Services",2018-11-27,994020746,1,2026-07-10 14:39:43.272191
"QUB","QUBE HOLDINGS LIMITED","Transportation",2007-01-04,,1,2026-07-10 14:39:43.272191
"QUE","QUESTE COMMUNICATIONS LIMITED","Financial Services",1998-11-11,1353617,1,2026-07-10 14:39:43.272191
"QXR","QX RESOURCES LIMITED","Materials",2011-02-17,6475990,1,2026-07-10 14:39:43.272191
"R8R","REGENER8 RESOURCES NL","Materials",2022-07-08,9157345,1,2026-07-10 14:39:43.272191
"RAC","RACURA ONCOLOGY LTD","Pharmaceuticals, Biotechnology & Life Sciences",2016-07-13,415666153,1,2026-07-10 14:39:43.272191
"RAD","RADIOPHARM THERANOSTICS LIMITED","Pharmaceuticals, Biotechnology & Life Sciences",2021-11-25,70884323,1,2026-07-10 14:39:43.272191
"RAG","RAGNAR METALS LIMITED","Materials",2005-03-31,10746766,1,2026-07-10 14:39:43.272191
"RAN","RANGE INTERNATIONAL LIMITED","Materials",2016-07-22,2997989,1,2026-07-10 14:39:43.272191
"RAP","RAPTOR METALS LTD","Materials",2021-10-25,23093209,1,2026-07-10 14:39:43.272191
"RAS","RAGUSA MINERALS LTD","Materials",2010-07-13,5747765,1,2026-07-10 14:39:43.272191
"RAU","RESOURO STRATEGIC METALS INC.","Materials",2024-06-14,31833464,1,2026-07-10 14:39:43.272191
"RB6","RUBIX RESOURCES LIMITED","Materials",2021-12-23,9524750,1,2026-07-10 14:39:43.272191
"RBR","RBR GROUP LIMITED","Materials",2007-02-02,2380447,1,2026-07-10 14:39:43.272191
"RBX","RESOURCE BASE LIMITED.","Materials",2021-07-12,,1,2026-07-10 14:39:43.272191
"RC1","REDCASTLE RESOURCES LIMITED","Materials",2003-03-21,17150515,1,2026-07-10 14:39:43.272191
"RCE","RECCE PHARMACEUTICALS LTD","Pharmaceuticals, Biotechnology & Life Sciences",2016-01-15,,1,2026-07-10 14:39:43.272191
"RCL","READCLOUD LIMITED","Software & Services",2018-02-07,,1,2026-07-10 14:39:43.272191
"RCM","RAPID CRITICAL METALS LIMITED","Materials",2021-12-15,37076834,1,2026-07-10 14:39:43.272191
"RCR","RINCON RESOURCES LIMITED","Materials",2020-12-21,,1,2026-07-10 14:39:43.272191
"RCT","REEF CASINO TRUST","Consumer Services",1994-02-11,179283730,1,2026-07-10 14:39:43.272191
"RDM","RED METAL LIMITED","Materials",2003-10-27,,1,2026-07-10 14:39:43.272191
"RDN","RAIDEN RESOURCES LIMITED","Materials",1987-03-12,10352674,1,2026-07-10 14:39:43.272191
"RDS","REDSTONE RESOURCES LIMITED","Materials",2006-08-03,3914945,1,2026-07-10 14:39:43.272191
"RDX","REDOX LIMITED","Capital Goods",2023-07-03,1885042327,1,2026-07-10 14:39:43.272191
"RDY","READYTECH HOLDINGS LIMITED","Software & Services",2019-04-17,197702571,1,2026-07-10 14:39:43.272191
"REA","REA GROUP LTD","Media & Entertainment",1999-12-01,19138247505,1,2026-07-10 14:39:43.272191
"REC","RECHARGE METALS LIMITED","Materials",2021-10-11,22395639,1,2026-07-10 14:39:43.272191
"REE","RAREX LIMITED","Materials",2007-07-11,,1,2026-07-10 14:39:43.272191
"REG","REGIS HEALTHCARE LIMITED","Health Care Equipment & Services",2014-10-07,1898830251,1,2026-07-10 14:39:43.272191
"REH","REECE LIMITED","Capital Goods",1974-01-01,,1,2026-07-10 14:39:43.272191
"REM","REMSENSE TECHNOLOGIES LIMITED","Capital Goods",2021-11-02,6547422,1,2026-07-10 14:39:43.272191
"REP","RAM ESSENTIAL SERVICES PROPERTY FUND","Equity Real Estate Investment Trusts (REITs)",2021-10-20,205436725,1,2026-07-10 14:39:43.272191
"REV","REVOLUTION PRIVATE CREDIT INCOME TRUST","Not Applic",2025-09-22,437249126,1,2026-07-10 14:39:43.272191
"REZ","RESOURCES & ENERGY GROUP LIMITED","Materials",2005-03-11,10222051,1,2026-07-10 14:39:43.272191
"RF1","REGAL INVESTMENT FUND","Not Applic",2019-06-17,741030461,1,2026-07-10 14:39:43.272191
"RFF","RURAL FUNDS GROUP","Equity Real Estate Investment Trusts (REITs)",2014-02-14,,1,2026-07-10 14:39:43.272191
"RFG","RETAIL FOOD GROUP LIMITED","Consumer Services",2006-06-22,49974930,1,2026-07-10 14:39:43.272191
"RFT","RECTIFIER TECHNOLOGIES LTD","Capital Goods",1994-09-22,,1,2026-07-10 14:39:43.272191
"RG1","REGAL PARTNERS GLOBAL INVESTMENTS LIMITED","Not Applic",2017-09-28,,1,2026-07-10 14:39:43.272191
"RG8","REGAL ASIAN INVESTMENTS LIMITED","Not Applic",2019-11-13,,1,2026-07-10 14:39:43.272191
"RGL","RIVERSGOLD LIMITED","Materials",2017-10-10,21867457,1,2026-07-10 14:39:43.272191
"RGN","REGION GROUP","Equity Real Estate Investment Trusts (REITs)",2012-11-26,2688057033,1,2026-07-10 14:39:43.272191
"RGT","ARGENT BIOPHARMA LIMITED","Pharmaceuticals, Biotechnology & Life Sciences",2006-12-21,7929452,1,2026-07-10 14:39:43.272191
"RHC","RAMSAY HEALTH CARE LIMITED","Health Care Equipment & Services",1997-09-24,9937223364,1,2026-07-10 14:39:43.272191
"RHI","RED HILL MINERALS LIMITED","Materials",2006-02-14,308299291,1,2026-07-10 14:39:43.272191
"RHT","RESONANCE HEALTH LIMITED","Health Care Equipment & Services",1987-10-23,22424651,1,2026-07-10 14:39:43.272191
"RHY","RHYTHM BIOSCIENCES LIMITED","Health Care Equipment & Services",2017-12-07,,1,2026-07-10 14:39:43.272191
"RIC","RIDLEY CORPORATION LIMITED","Food, Beverage & Tobacco",1987-08-13,1000857708,1,2026-07-10 14:39:43.272191
"RIE","RIEDEL RESOURCES LIMITED","Materials",2011-01-31,,1,2026-07-10 14:39:43.272191
"RIL","REDIVIUM LIMITED","Materials",2003-12-05,,1,2026-07-10 14:39:43.272191
"RIM","RIMFIRE PACIFIC MINING LIMITED","Materials",1997-03-04,36052766,1,2026-07-10 14:39:43.272191
"RIO","RIO TINTO LIMITED","Materials",1962-09-19,60922906242,1,2026-07-10 14:39:43.272191
"RIV","RIVCO AUSTRALIA LTD","Utilities",2016-09-16,226883633,1,2026-07-10 14:39:43.272191
"RKB","ROKEBY RESOURCES LIMITED","Materials",2008-06-19,11906920,1,2026-07-10 14:39:43.272191
"RKN","RECKON LIMITED","Software & Services",1999-07-19,44184984,1,2026-07-10 14:39:43.272191
"RKT","ROCKETDNA LTD.","Technology Hardware & Equipment",2018-06-18,25936585,1,2026-07-10 14:39:43.272191
"RLC","REEDY LAGOON CORPORATION LIMITED","Materials",2007-06-22,1553413,1,2026-07-10 14:39:43.272191
"RLF","RLF AGTECH LTD","Materials",2022-04-21,18817997,1,2026-07-10 14:39:43.272191
"RLG","ROOLIFE GROUP LTD","Media & Entertainment",2016-11-16,5665487,1,2026-07-10 14:39:43.272191
"RMC","RESIMAC GROUP LTD","Financial Services",2001-03-19,326311435,1,2026-07-10 14:39:43.272191
"RMD","RESMED INC","Health Care Equipment & Services",1999-11-25,44988319700,1,2026-07-10 14:39:43.272191
"RMI","RESOURCE MINERALS INTERNATIONAL LTD","Materials",1985-02-14,139441480,1,2026-07-10 14:39:43.272191
"RML","RESOLUTION MINERALS LTD","Materials",2017-09-22,105007235,1,2026-07-10 14:39:43.272191
"RMS","RAMELIUS RESOURCES LIMITED","Materials",2003-03-31,5592767776,1,2026-07-10 14:39:43.272191
"RMX","RED MOUNTAIN MINING LIMITED","Materials",2011-09-01,11485449,1,2026-07-10 14:39:43.272191
"RMY","RMA GLOBAL LIMITED","Media & Entertainment",2018-07-05,18601286,1,2026-07-10 14:39:43.272191
"RND","RAND MINING LIMITED","Materials",1985-08-15,128539672,1,2026-07-10 14:39:43.272191
"RNT","RENT.COM.AU LIMITED","Media & Entertainment",1994-05-26,74246288,1,2026-07-10 14:39:43.272191
"RNU","RENASCOR RESOURCES LIMITED","Materials",2010-12-15,142589307,1,2026-07-10 14:39:43.272191
"RNV","RENERVE LIMITED","Health Care Equipment & Services",2024-11-26,13611711,1,2026-07-10 14:39:43.272191
"RNX","RENEGADE EXPLORATION LIMITED","Materials",2006-11-14,5174492,1,2026-07-10 14:39:43.272191
"ROC","ROCKETBOOTS LIMITED","Software & Services",2021-12-07,48591204,1,2026-07-10 14:39:43.272191
"ROG","RED SKY ENERGY LIMITED.","Energy",2007-05-23,15855571,1,2026-07-10 14:39:43.272191
"RON","RONIN RESOURCES LTD","Materials",2021-12-16,6460002,1,2026-07-10 14:39:43.272191
"RPL","REGAL PARTNERS LIMITED","Financial Services",2019-06-21,1208100053,1,2026-07-10 14:39:43.272191
"RPM","RPM AUTOMOTIVE GROUP LIMITED","Automobiles & Components",1983-11-10,4358764,1,2026-07-10 14:39:43.272191
"RR1","REACH RESOURCES LIMITED","Materials",2002-11-06,13242706,1,2026-07-10 14:39:43.272191
"RRE","RIGHT RESOURCES LIMITED","Materials",2025-10-29,10727296,1,2026-07-10 14:39:43.272191
"RRL","REGIS RESOURCES LIMITED","Materials",1987-02-19,4794266869,1,2026-07-10 14:39:43.272191
"RRR","REVOLVER RESOURCES HOLDINGS LTD","Materials",2021-09-23,22194290,1,2026-07-10 14:39:43.272191
"RSG","RESOLUTE MINING LIMITED","Materials",1979-01-11,1966424204,1,2026-07-10 14:39:43.272191
"RTG","RTG MINING INC.","Materials",2014-06-05,71029100,1,2026-07-10 14:39:43.272191
"RTH","RAS TECHNOLOGY HOLDINGS LIMITED","Commercial & Professional Services",2021-11-23,26337244,1,2026-07-10 14:39:43.272191
"RTR","RUMBLE RESOURCES LIMITED","Materials",2011-07-01,57058348,1,2026-07-10 14:39:43.272191
"RVT","RICHMOND VANADIUM TECHNOLOGY LIMITED","Materials",2022-12-13,24234661,1,2026-07-10 14:39:43.272191
"RWC","RELIANCE WORLDWIDE CORPORATION LIMITED","Capital Goods",2016-04-29,2812625884,1,2026-07-10 14:39:43.272191
"RWD","REWARD MINERALS LTD","Materials",1991-12-12,8143768,1,2026-07-10 14:39:43.272191
"RWL","RUBICON WATER LIMITED","Technology Hardware & Equipment",2021-09-02,15170091,1,2026-07-10 14:39:43.272191
"RXL","ROX RESOURCES LIMITED","Materials",2004-04-27,542165692,1,2026-07-10 14:39:43.272191
"RYD","RYDER CAPITAL LIMITED","Not Applic",2015-09-28,143378635,1,2026-07-10 14:39:43.272191
"RYM","RYMAN HEALTHCARE LIMITED","Health Care Equipment & Services",2025-10-01,1868941509,1,2026-07-10 14:39:43.272191
"RZI","RAIZ INVEST LIMITED","Financial Services",2018-06-21,57437555,1,2026-07-10 14:39:43.272191
"S2R","S2 RESOURCES LTD","Materials",2015-10-19,35616287,1,2026-07-10 14:39:43.272191
"S32","SOUTH32 LIMITED","Materials",2015-05-18,17766483522,1,2026-07-10 14:39:43.272191
"S66","STAR COMBO PHARMA LIMITED","Household & Personal Products",2018-05-16,17560788,1,2026-07-10 14:39:43.272191
"SAN","SAGALIO ENERGY LIMITED","Energy",2011-12-15,1841941,1,2026-07-10 14:39:43.272191
"SB2","SALTER BROTHERS EMERGING COMPANIES LIMITED","Not Applic",2021-06-16,47084602,1,2026-07-10 14:39:43.272191
"SBM","ST BARBARA LIMITED","Materials",1969-05-15,568604055,1,2026-07-10 14:39:43.272191
"SBR","SABRE RESOURCES LIMITED","Materials",1987-12-17,3591542,1,2026-07-10 14:39:43.272191
"SBZ","SCHOOLBLAZER LIMITED","Capital Goods",1971-08-24,102634571,1,2026-07-10 14:39:43.272191
"SCG","SCENTRE GROUP","Equity Real Estate Investment Trusts (REITs)",2014-06-25,20160691571,1,2026-07-10 14:39:43.272191
"SCN","SCORPION MINERALS LIMITED","Materials",2007-03-07,14914108,1,2026-07-10 14:39:43.272191
"SCP","SCALARE PARTNERS HOLDINGS LIMITED","Financial Services",2019-02-19,7319615,1,2026-07-10 14:39:43.272191
"SDF","STEADFAST GROUP LIMITED","Insurance",2013-08-02,5726756884,1,2026-07-10 14:39:43.272191
"SDR","SITEMINDER LIMITED","Software & Services",2021-11-08,1089876738,1,2026-07-10 14:39:43.272191
"SDV","SCIDEV LTD","Materials",2002-05-02,24711516,1,2026-07-10 14:39:43.272191
"SEA","SEA FOREST LIMITED","Food, Beverage & Tobacco",2025-11-26,121649701,1,2026-07-10 14:39:43.272191
"SEC","SPHERIA EMERGING COMPANIES LIMITED","Not Applic",2017-12-05,139656745,1,2026-07-10 14:39:43.272191
"SEG","SPORTS ENTERTAINMENT GROUP LIMITED","Media & Entertainment",2000-11-28,96901796,1,2026-07-10 14:39:43.272191
"SEK","SEEK LIMITED","Media & Entertainment",2005-04-19,4771742633,1,2026-07-10 14:39:43.272191
"SEN","SENETAS CORPORATION LIMITED","Technology Hardware & Equipment",1984-06-21,50063715,1,2026-07-10 14:39:43.272191
"SEQ","SEQUOIA FINANCIAL GROUP LTD","Financial Services",2000-09-19,12870402,1,2026-07-10 14:39:43.272191
"SER","STRATEGIC ENERGY RESOURCES LIMITED","Materials",1991-08-15,10255026,1,2026-07-10 14:39:43.272191
"SET","SOLARIS AUSTRALIAN EQUITY INCOME PLUS LIMITED","Not Applic",2026-04-17,203464701,1,2026-07-10 14:39:43.272191
"SFC","SCHAFFER CORPORATION LIMITED","Automobiles & Components",1974-01-01,260463494,1,2026-07-10 14:39:43.272191
"SFG","SEAFARMS GROUP LIMITED","Food, Beverage & Tobacco",1990-06-14,,1,2026-07-10 14:39:43.272191
"SFM","SANTA FE MINERALS LTD","Materials",2011-10-07,40704697,1,2026-07-10 14:39:43.272191
"SFR","SANDFIRE RESOURCES LIMITED","Materials",2004-03-04,8535871190,1,2026-07-10 14:39:43.272191
"SFX","SHEFFIELD RESOURCES LIMITED","Materials",2010-12-15,19380838,1,2026-07-10 14:39:43.272191
"SGA","SARYTOGAN GRAPHITE LIMITED","Materials",2022-07-18,15859836,1,2026-07-10 14:39:43.272191
"SGH","SGH LIMITED","Capital Goods",2010-04-30,17846869623,1,2026-07-10 14:39:43.272191
"SGI","STEALTH GROUP HOLDINGS LTD","Capital Goods",2018-10-02,184703005,1,2026-07-10 14:39:43.272191
"SGLLV","RICEGROWERS LIMITED","Food, Beverage & Tobacco",2019-04-08,937714556,1,2026-07-10 14:39:43.272191
"SGM","SIMS LIMITED","Materials",2005-10-21,4906185641,1,2026-07-10 14:39:43.272191
"SGP","STOCKLAND","Equity Real Estate Investment Trusts (REITs)",1987-02-19,9945424459,1,2026-07-10 14:39:43.272191
"SGQ","ST GEORGE MINING LIMITED","Materials",2010-11-16,391015812,1,2026-07-10 14:39:43.272191
"SGR","THE STAR ENTERTAINMENT GROUP LIMITED","Consumer Services",2011-06-06,656984075,1,2026-07-10 14:39:43.272191
"SHA","SHAPE AUSTRALIA CORPORATION LIMITED","Capital Goods",2021-12-17,541061398,1,2026-07-10 14:39:43.272191
"SHE","STONEHORSE ENERGY LIMITED","Energy",2000-07-24,8213521,1,2026-07-10 14:39:43.272191
"SHG","SINGULAR HEALTH GROUP LTD","Health Care Equipment & Services",2021-02-12,67992355,1,2026-07-10 14:39:43.272191
"SHJ","SHINE JUSTICE LTD","Consumer Services",2013-05-15,96552526,1,2026-07-10 14:39:43.272191
"SHL","SONIC HEALTHCARE LIMITED","Health Care Equipment & Services",1987-04-30,10799099273,1,2026-07-10 14:39:43.272191
"SHM","SHRIRO HOLDINGS LIMITED","Consumer Durables & Apparel",2015-06-23,46040343,1,2026-07-10 14:39:43.272191
"SHN","SUNSHINE METALS LIMITED","Materials",2002-01-25,100669212,1,2026-07-10 14:39:43.272191
"SHO","SPORTSHERO LIMITED","Media & Entertainment",2008-06-12,52929884,1,2026-07-10 14:39:43.272191
"SHV","SELECT HARVESTS LIMITED","Food, Beverage & Tobacco",1978-06-15,555602025,1,2026-07-10 14:39:43.272191
"SIG","SIGMA HEALTHCARE LIMITED","Health Care Equipment & Services",2002-10-30,32322367941,1,2026-07-10 14:39:43.272191
"SIO","SIMONDS GROUP LIMITED","Consumer Durables & Apparel",2014-11-17,48587371,1,2026-07-10 14:39:43.272191
"SIQ","SMARTGROUP CORPORATION LTD","Commercial & Professional Services",2014-07-02,1795971346,1,2026-07-10 14:39:43.272191
"SIS","SIMBLE SOLUTIONS LIMITED","Software & Services",2018-02-22,12200817,1,2026-07-10 14:39:43.272191
"SIV","SIV CAPITAL LIMITED","Capital Goods",2005-05-31,,1,2026-07-10 14:39:43.272191
"SIX","SPRINTEX LIMITED","Automobiles & Components",2008-05-29,50180964,1,2026-07-10 14:39:43.272191
"SK1","SKINKANDY LIMITED","Consumer Discretionary Distribution & Retail",2026-05-21,299268600,1,2026-07-10 14:39:43.272191
"SKC","SKYCITY ENTERTAINMENT GROUP LIMITED","Consumer Services",1999-03-29,496374771,1,2026-07-10 14:39:43.272191
"SKG","STORAGE KING GROUP","Equity Real Estate Investment Trusts (REITs)",2023-08-01,1682051791,1,2026-07-10 14:39:43.272191
"SKK","STAKK LIMITED","Telecommunication Services",2004-06-15,78018207,1,2026-07-10 14:39:43.272191
"SKM","SKYLARK MINERALS LIMITED","Materials",2006-08-16,38576232,1,2026-07-10 14:39:43.272191
"SKN","SKIN ELEMENTS LIMITED","Household & Personal Products",2017-01-06,15831671,1,2026-07-10 14:39:43.272191
"SKO","SERKO LIMITED","Software & Services",2018-06-25,153889919,1,2026-07-10 14:39:43.272191
"SKS","SKS TECHNOLOGIES GROUP LIMITED","Capital Goods",1974-01-01,956424007,1,2026-07-10 14:39:43.272191
"SKT","SKY NETWORK TELEVISION LIMITED.","Media & Entertainment",2005-07-04,379983028,1,2026-07-10 14:39:43.272191
"SKY","SKY METALS LIMITED","Materials",2004-03-11,233198178,1,2026-07-10 14:39:43.272191
"SLA","SOLARA MINERALS LTD","Materials",2021-11-17,5034960,1,2026-07-10 14:39:43.272191
"SLB","STELAR METALS LIMITED","Materials",2022-03-18,8783539,1,2026-07-10 14:39:43.272191
"SLC","SUPERLOOP LIMITED","Telecommunication Services",2015-06-04,1549288818,1,2026-07-10 14:39:43.272191
"SLD","SALUDA MEDICAL, INC.","Health Care Equipment & Services",2025-12-05,129792262,1,2026-07-10 14:39:43.272191
"SLM","SOLIS MINERALS LIMITED","Materials",2021-12-24,29995058,1,2026-07-10 14:39:43.272191
"SLS","SOLSTICE MINERALS LIMITED","Materials",2022-05-02,385639265,1,2026-07-10 14:39:43.272191
"SLX","SILEX SYSTEMS LIMITED","Capital Goods",1998-05-07,1411682135,1,2026-07-10 14:39:43.272191
"SLZ","SULTAN RESOURCES LTD","Materials",2018-08-16,4388715,1,2026-07-10 14:39:43.272191
"SM1","SYNLAIT MILK LIMITED","Food, Beverage & Tobacco",2016-11-25,177943439,1,2026-07-10 14:39:43.272191
"SMI","SANTANA MINERALS LIMITED","Materials",2013-05-31,423877042,1,2026-07-10 14:39:43.272191
"SMM","SOMERSET MINERALS LIMITED","Materials",2018-08-15,10212560,1,2026-07-10 14:39:43.272191
"SMN","STRUCTURAL MONITORING SYSTEMS PLC","Technology Hardware & Equipment",2004-08-16,59130576,1,2026-07-10 14:39:43.272191
"SMR","STANMORE RESOURCES LIMITED","Materials",2009-12-09,2127284256,1,2026-07-10 14:39:43.272191
"SMS","STAR MINERALS LIMITED","Materials",2021-10-27,9983204,1,2026-07-10 14:39:43.272191
"SMX","STRATA MINERALS LIMITED.","Materials",2021-05-07,6799203,1,2026-07-10 14:39:43.272191
"SNC","SANDON CAPITAL INVESTMENTS LIMITED","Not Applic",2013-12-23,110754389,1,2026-07-10 14:39:43.272191
"SND","SAUNDERS INTERNATIONAL LIMITED","Capital Goods",2007-12-05,145563599,1,2026-07-10 14:39:43.272191
"SNG","SIREN GOLD LIMITED","Materials",2020-10-07,14400567,1,2026-07-10 14:39:43.272191
"SNL","SUPPLY NETWORK LIMITED","Consumer Discretionary Distribution & Retail",1987-09-10,1370370425,1,2026-07-10 14:39:43.272191
"SNM","SENTINEL METALS LIMITED","Materials",2025-10-30,63528622,1,2026-07-10 14:39:43.272191
"SNS","SENSEN NETWORKS LIMITED","Software & Services",2007-05-31,18258511,1,2026-07-10 14:39:43.272191
"SNT","SYNTARA LIMITED","Pharmaceuticals, Biotechnology & Life Sciences",2003-11-10,45149443,1,2026-07-10 14:39:43.272191
"SNX","SIERRA NEVADA GOLD INC.","Materials",2022-05-03,33522641,1,2026-07-10 14:39:43.272191
"SNZ","SUMMERSET GROUP HOLDINGS LIMITED","Health Care Equipment & Services",2013-07-18,1791636007,1,2026-07-10 14:39:43.272191
"SOC","SOCO CORPORATION LTD","Software & Services",2022-12-23,5574204,1,2026-07-10 14:39:43.272191
"SOL","WASHINGTON H. SOUL PATTINSON AND COMPANY LIMITED","Financial Services",1903-01-21,16693670827,1,2026-07-10 14:39:43.272191
"SOM","SOMNOMED LIMITED","Health Care Equipment & Services",2004-08-27,120495789,1,2026-07-10 14:39:43.272191
"SOP","SYNERTEC CORPORATION LIMITED","Commercial & Professional Services",2013-05-28,15613303,1,2026-07-10 14:39:43.272191
"SOR","STRATEGIC ELEMENTS LIMITED","Financial Services",2011-08-11,19026480,1,2026-07-10 14:39:43.272191
"SP3","SPECTUR LIMITED","Technology Hardware & Equipment",2017-08-01,5806267,1,2026-07-10 14:39:43.272191
"SP8","STREAMPLAY STUDIO LIMITED","Media & Entertainment",1971-06-09,10561685,1,2026-07-10 14:39:43.272191
"SPA","SPACETALK LTD","Software & Services",2001-07-17,20136807,1,2026-07-10 14:39:43.272191
"SPD","SOUTHERN PALLADIUM LIMITED","Materials",2022-06-08,148870025,1,2026-07-10 14:39:43.272191
"SPG","SPC GLOBAL HOLDINGS LTD","Food, Beverage & Tobacco",2012-06-29,116944635,1,2026-07-10 14:39:43.272191
"SPK","SPARK NEW ZEALAND LIMITED","Telecommunication Services",1991-08-22,2872997764,1,2026-07-10 14:39:43.272191
"SPL","STARPHARMA HOLDINGS LIMITED","Pharmaceuticals, Biotechnology & Life Sciences",2000-09-28,298859189,1,2026-07-10 14:39:43.272191
"SPN","SPARC TECHNOLOGIES LIMITED","Materials",1986-07-03,32215259,1,2026-07-10 14:39:43.272191
"SPQ","SUPERIOR RESOURCES LIMITED","Materials",2007-11-12,10562683,1,2026-07-10 14:39:43.272191
"SPX","SPENDA LIMITED","Software & Services",2002-05-29,2303038,1,2026-07-10 14:39:43.272191
"SPZ","SMART PARKING LIMITED","Commercial & Professional Services",2007-01-09,328092781,1,2026-07-10 14:39:43.272191
"SQX","SQX RESOURCES LIMITED","Materials",2023-02-20,3420000,1,2026-07-10 14:39:43.272191
"SRG","SRG GLOBAL LIMITED","Capital Goods",2007-08-17,2205604621,1,2026-07-10 14:39:43.272191
"SRH","SAFEROADS HOLDINGS LIMITED","Transportation",2005-12-15,4204606,1,2026-07-10 14:39:43.272191
"SRJ","SRJ TECHNOLOGIES GROUP PLC","Energy",2020-09-18,18700000,1,2026-07-10 14:39:43.272191
"SRK","STRIKE RESOURCES LIMITED","Materials",2000-03-07,7661250,1,2026-07-10 14:39:43.272191
"SRL","SUNRISE ENERGY METALS LIMITED","Materials",2007-11-09,2480267401,1,2026-07-10 14:39:43.272191
"SRN","SUREFIRE RESOURCES NL","Materials",1999-06-11,4348301,1,2026-07-10 14:39:43.272191
"SRR","SARAMA RESOURCES LTD","Materials",2022-05-02,16114942,1,2026-07-10 14:39:43.272191
"SRT","STRATA INVESTMENT HOLDINGS PLC","Materials",2021-05-27,,1,2026-07-10 14:39:43.272191
"SRV","SERVCORP LIMITED","Real Estate Management & Development",1999-12-06,618914306,1,2026-07-10 14:39:43.272191
"SRZ","STELLAR RESOURCES LIMITED","Materials",2005-04-28,108527750,1,2026-07-10 14:39:43.272191
"SS1","SUN SILVER LIMITED","Materials",2024-05-15,167450849,1,2026-07-10 14:39:43.272191
"SSG","SHAVER SHOP GROUP LIMITED","Consumer Discretionary Distribution & Retail",2016-07-01,181452304,1,2026-07-10 14:39:43.272191
"SSH","SSH GROUP LTD","Energy",2021-09-17,16534249,1,2026-07-10 14:39:43.272191
"SSL","SIETEL LIMITED","Real Estate Management & Development",1974-01-01,68864319,1,2026-07-10 14:39:43.272191
"SSM","SERVICE STREAM LIMITED","Capital Goods",2004-12-09,1546013525,1,2026-07-10 14:39:43.272191
"SST","STEAMSHIPS TRADING COMPANY LIMITED","Capital Goods",1962-06-30,311632782,1,2026-07-10 14:39:43.272191
"STG","STRAKER LIMITED","Media & Entertainment",2018-10-22,,1,2026-07-10 14:39:43.272191
"STH","STEPCHANGE HOLDINGS LIMITED","Software & Services",2025-07-10,19753623,1,2026-07-10 14:39:43.272191
"STK","STRICKLAND METALS LIMITED","Materials",2006-04-06,253029002,1,2026-07-10 14:39:43.272191
"STM","SUNSTONE METALS LTD","Materials",2007-03-22,56803378,1,2026-07-10 14:39:43.272191
"STN","SATURN METALS LIMITED","Materials",2018-03-09,262692982,1,2026-07-10 14:39:43.272191
"STO","SANTOS LIMITED","Energy",1954-10-01,24358297208,1,2026-07-10 14:39:43.272191
"STP","STEP ONE CLOTHING LIMITED","Consumer Discretionary Distribution & Retail",2021-11-01,25020939,1,2026-07-10 14:39:43.272191
"STV","SWIFT TV LTD","Media & Entertainment",1994-06-30,9597415,1,2026-07-10 14:39:43.272191
"STX","STRIKE ENERGY LIMITED","Energy",2004-08-05,359939700,1,2026-07-10 14:39:43.272191
"SUH","SOUTHERN HEMISPHERE MINING LIMITED","Materials",2010-01-05,19878481,1,2026-07-10 14:39:43.272191
"SUL","SUPER RETAIL GROUP LIMITED","Consumer Discretionary Distribution & Retail",2004-07-06,2931227970,1,2026-07-10 14:39:43.272191
"SUN","SUNCORP GROUP LIMITED","Insurance",1988-07-07,20109175172,1,2026-07-10 14:39:43.272191
"SVG","SAVANNAH GOLDFIELDS LIMITED","Materials",1987-04-02,24657347,1,2026-07-10 14:39:43.272191
"SVL","SILVER MINES LIMITED","Materials",2007-01-19,277421773,1,2026-07-10 14:39:43.272191
"SVM","SOVEREIGN METALS LIMITED","Materials",2007-01-22,360778662,1,2026-07-10 14:39:43.272191
"SVR","SOLVAR LIMITED","Financial Services",2006-10-19,293042880,1,2026-07-10 14:39:43.272191
"SVY","STAVELY MINERALS LIMITED","Materials",2014-05-07,17554412,1,2026-07-10 14:39:43.272191
"SWP","SWOOP HOLDINGS LIMITED","Telecommunication Services",1988-10-06,26129142,1,2026-07-10 14:39:43.272191
"SX2","SOUTHERN CROSS GOLD CONSOLIDATED LTD.","Materials",2025-01-16,2472655610,1,2026-07-10 14:39:43.272191
"SXE","SOUTHERN CROSS ELECTRICAL ENGINEERING LTD","Capital Goods",2007-11-28,1284032350,1,2026-07-10 14:39:43.272191
"SXL","SOUTHERN CROSS MEDIA GROUP LIMITED","Media & Entertainment",2005-11-17,258540735,1,2026-07-10 14:39:43.272191
"SYL","SYMAL GROUP LIMITED","Capital Goods",2024-11-21,633732382,1,2026-07-10 14:39:43.272191
"SYR","SYRAH RESOURCES LIMITED","Materials",2007-09-11,267021662,1,2026-07-10 14:39:43.272191
"T3D","333D LIMITED","Commercial & Professional Services",2006-12-27,7398842,1,2026-07-10 14:39:43.272191
"T88","TAITON RESOURCES LIMITED","Materials",2022-12-19,5820892,1,2026-07-10 14:39:43.272191
"T92","TERRA CRITICAL MINERALS LIMITED","Energy",2022-09-08,6676450,1,2026-07-10 14:39:43.272191
"TAH","TABCORP HOLDINGS LIMITED","Consumer Services",1994-08-15,1868505047,1,2026-07-10 14:39:43.272191
"TAL","TALIUS GROUP LIMITED","Software & Services",2006-06-02,23317337,1,2026-07-10 14:39:43.272191
"TAM","TANAMI GOLD NL","Materials",1986-12-11,143361840,1,2026-07-10 14:39:43.272191
"TAR","TARUGA MINERALS LIMITED","Materials",2012-02-07,19501510,1,2026-07-10 14:39:43.272191
"TAS","TASMAN RESOURCES LTD","Materials",2001-12-18,27115678,1,2026-07-10 14:39:43.272191
"TAT","TARTANA MINERALS LIMITED","Materials",2004-12-17,6649484,1,2026-07-10 14:39:43.272191
"TBN","TAMBORAN RESOURCES CORPORATION","Energy",2021-07-02,1534397172,1,2026-07-10 14:39:43.272191
"TBR","TRIBUNE RESOURCES LIMITED","Materials",1989-05-04,264439108,1,2026-07-10 14:39:43.272191
"TCF","360 CAPITAL MORTGAGE REIT","Not Applic",2006-10-17,52014943,1,2026-07-10 14:39:43.272191
"TCG","TURACO GOLD LIMITED","Materials",2008-07-22,559324412,1,2026-07-10 14:39:43.272191
"TCL","TRANSURBAN GROUP","Transportation",1996-03-14,45741894054,1,2026-07-10 14:39:43.272191
"TCO","TRANSMETRO CORPORATION LIMITED","Consumer Services",1987-09-17,34795223,1,2026-07-10 14:39:43.272191
"TD1","TALI DIGITAL LIMITED","Health Care Equipment & Services",2004-09-23,3224196,1,2026-07-10 14:39:43.272191
"TDO","3D ENERGI LIMITED","Energy",2007-05-22,,1,2026-07-10 14:39:43.272191
"TEA","TASMEA LIMITED","Capital Goods",2024-04-29,2349890960,1,2026-07-10 14:39:43.272191
"TEE","TOP END ENERGY LIMITED","Energy",2022-04-04,,1,2026-07-10 14:39:43.272191
"TEG","TRIANGLE ENERGY (GLOBAL) LIMITED","Energy",2006-01-06,2222945,1,2026-07-10 14:39:43.272191
"TEK","THORNEY TECHNOLOGIES LTD","Not Applic",2005-05-10,34277926,1,2026-07-10 14:39:43.272191
"TEM","TEMPEST MINERALS LIMITED","Materials",2017-03-28,5509381,1,2026-07-10 14:39:43.272191
"TER","TERRACOM LIMITED","Energy",2010-07-22,120286528,1,2026-07-10 14:39:43.272191
"TET","TETRAGON ENERGY LIMITED","Class Pend",2026-07-09,,1,2026-07-10 14:39:43.272191
"TFL","TASFOODS LIMITED","Food, Beverage & Tobacco",1999-12-16,,1,2026-07-10 14:39:43.272191
"TG1","TECHGEN METALS LTD","Materials",2021-04-07,10188237,1,2026-07-10 14:39:43.272191
"TG6","TG METALS LIMITED","Materials",2022-05-26,21695456,1,2026-07-10 14:39:43.272191
"TGF","TRIBECA GLOBAL NATURAL RESOURCES LIMITED","Not Applic",2018-10-12,187182318,1,2026-07-10 14:39:43.272191
"TGH","TERRAGEN HOLDINGS LIMITED","Materials",2019-12-11,15640781,1,2026-07-10 14:39:43.272191
"TGM","THETA GOLD MINES LIMITED","Materials",2011-04-07,241302222,1,2026-07-10 14:39:43.272191
"TGN","TUNGSTEN MINING NL","Materials",2012-12-17,321158247,1,2026-07-10 14:39:43.272191
"THL","TOURISM HOLDINGS RENTALS LIMITED","Transportation",2022-12-02,502794864,1,2026-07-10 14:39:43.272191
"THR","THOR ENERGY PLC","Materials",2006-09-27,10300726,1,2026-07-10 14:39:43.272191
"TIA","TIAN AN AUSTRALIA LIMITED","Real Estate Management & Development",1985-12-11,14723501,1,2026-07-10 14:39:43.272191
"TIO","TEMAS RESOURCES CORP.","Materials",2025-10-27,10657459,1,2026-07-10 14:39:43.272191
"TIP","TEAMINVEST PRIVATE GROUP LIMITED","Financial Services",2019-05-24,32634272,1,2026-07-10 14:39:43.272191
"TKM","TREK METALS LIMITED","Materials",2007-07-05,87401856,1,2026-07-10 14:39:43.272191
"TLC","THE LOTTERY CORPORATION LIMITED","Consumer Services",2022-05-24,12174971215,1,2026-07-10 14:39:43.272191
"TLG","TALGA GROUP LTD","Materials",2010-07-09,130286333,1,2026-07-10 14:39:43.272191
"TLM","TALISMAN MINING LIMITED","Materials",2005-11-25,12052502,1,2026-07-10 14:39:43.272191
"TLS","TELSTRA GROUP LIMITED","Telecommunication Services",1997-11-17,54804550335,1,2026-07-10 14:39:43.272191
"TLX","TELIX PHARMACEUTICALS LIMITED","Pharmaceuticals, Biotechnology & Life Sciences",2017-11-15,5626901018,1,2026-07-10 14:39:43.272191
"TM1","TERRA METALS LIMITED","Energy",2012-12-20,237103847,1,2026-07-10 14:39:43.272191
"TMB","TAMBOURAH METALS LTD","Materials",2021-08-12,8307816,1,2026-07-10 14:39:43.272191
"TMK","TMK ENERGY LIMITED","Energy",2008-07-10,39110722,1,2026-07-10 14:39:43.272191
"TML","TIMAH RESOURCES LIMITED","Utilities",2015-09-16,4171709,1,2026-07-10 14:39:43.272191
"TMS","TENNANT MINERALS LIMITED","Materials",2004-08-17,9992723,1,2026-07-10 14:39:43.272191
"TMX","TERRAIN MINERALS LIMITED","Materials",2006-03-23,11135185,1,2026-07-10 14:39:43.272191
"TNC","TRUE NORTH COPPER LIMITED","Materials",2020-11-10,60599287,1,2026-07-10 14:39:43.272191
"TNE","TECHNOLOGY ONE LIMITED","Software & Services",1999-12-08,10024024725,1,2026-07-10 14:39:43.272191
"TNY","TINYBEANS GROUP LTD","Media & Entertainment",2017-04-21,13383836,1,2026-07-10 14:39:43.272191
"TOK","TOLU MINERALS LIMITED.","Materials",2023-11-10,342802836,1,2026-07-10 14:39:43.272191
"TON","TRITON MINERALS LTD","Materials",2009-08-14,4705166,1,2026-07-10 14:39:43.272191
"TOP","THORNEY OPPORTUNITIES LTD","Not Applic",2000-03-22,91431718,1,2026-07-10 14:39:43.272191
"TOR","TORQUE METALS LIMITED..","Materials",2021-06-25,140608912,1,2026-07-10 14:39:43.272191
"TOT","360 CAPITAL REIT","Equity Real Estate Investment Trusts (REITs)",2015-04-22,89635085,1,2026-07-10 14:39:43.272191
"TOU","TLOU ENERGY LIMITED","Energy",2013-04-09,3895753,1,2026-07-10 14:39:43.272191
"TPC","TPC CONSOLIDATED LIMITED","Utilities",2007-07-16,41409857,1,2026-07-10 14:39:43.272191
"TPG","TPG TELECOM LIMITED.","Telecommunication Services",2020-06-30,6988384664,1,2026-07-10 14:39:43.272191
"TPW","TEMPLE & WEBSTER GROUP LTD","Consumer Discretionary Distribution & Retail",2015-12-10,629352347,1,2026-07-10 14:39:43.272191
"TR2","TALI RESOURCES LTD","Materials",2025-07-18,37358025,1,2026-07-10 14:39:43.272191
"TR8","TARRINA RESOURCES LIMITED","Materials",2022-01-07,7243406,1,2026-07-10 14:39:43.272191
"TRA","TURNERS AUTOMOTIVE GROUP LIMITED","Consumer Discretionary Distribution & Retail",2017-07-28,642666028,1,2026-07-10 14:39:43.272191
"TRE","TOUBANI RESOURCES LIMITED","Materials",2022-11-28,256267819,1,2026-07-10 14:39:43.272191
"TRI","TRIVARX LTD","Health Care Equipment & Services",2001-01-29,23073869,1,2026-07-10 14:39:43.272191
"TRJ","TRAJAN GROUP HOLDINGS LIMITED","Pharmaceuticals, Biotechnology & Life Sciences",2021-06-07,47387727,1,2026-07-10 14:39:43.272191
"TRM","TRUSCOTT MINING CORPORATION LIMITED","Materials",2007-04-18,,1,2026-07-10 14:39:43.272191
"TRP","TISSUE REPAIR LTD","Pharmaceuticals, Biotechnology & Life Sciences",2021-11-18,6651133,1,2026-07-10 14:39:43.272191
"TRU","TRUSCREEN GROUP LIMITED","Health Care Equipment & Services",2021-01-06,13088274,1,2026-07-10 14:39:43.272191
"TSK","TUSKER MINERALS LTD","Materials",2023-06-29,7686524,1,2026-07-10 14:39:43.272191
"TSL","TITANIUM SANDS LIMITED","Materials",1988-12-22,18757978,1,2026-07-10 14:39:43.272191
"TSO","TESORO GOLD LTD","Materials",2004-01-28,152200710,1,2026-07-10 14:39:43.272191
"TSR","TURNSTONE RESOURCES LTD","Materials",2017-01-20,3734645,1,2026-07-10 14:39:43.272191
"TTM","TITAN MINERALS LIMITED","Materials",2006-11-15,194411168,1,2026-07-10 14:39:43.272191
"TTT","TITOMIC LIMITED","Materials",2017-09-21,321506063,1,2026-07-10 14:39:43.272191
"TTX","TETRATHERIX LIMITED","Pharmaceuticals, Biotechnology & Life Sciences",2025-06-30,325111226,1,2026-07-10 14:39:43.272191
"TUA","TUAS LIMITED","Telecommunication Services",2020-06-30,1211955538,1,2026-07-10 14:39:43.272191
"TVL","TOUCH VENTURES LIMITED","Financial Services",2021-09-29,40377529,1,2026-07-10 14:39:43.272191
"TVN","TIVAN LIMITED","Materials",1971-02-18,846825821,1,2026-07-10 14:39:43.272191
"TWD","TAMAWOOD LIMITED","Consumer Durables & Apparel",2000-08-14,99330253,1,2026-07-10 14:39:43.272191
"TWE","TREASURY WINE ESTATES LIMITED","Food, Beverage & Tobacco",2011-05-10,3641542043,1,2026-07-10 14:39:43.272191
"TWL","TRADE WINDOW HOLDINGS LIMITED","Class Pend",2025-12-19,26137838,1,2026-07-10 14:39:43.272191
"TWR","TOWER LIMITED","Insurance",1999-09-28,518551140,1,2026-07-10 14:39:43.272191
"TXR","TALONX RESOURCES LIMITED","Materials",1985-09-05,4659985,1,2026-07-10 14:39:43.272191
"TYR","TYRO PAYMENTS LIMITED","Financial Services",2019-12-06,440903995,1,2026-07-10 14:39:43.272191
"TYX","TYRANNA RESOURCES LIMITED","Materials",2007-07-11,10496248,1,2026-07-10 14:39:43.272191
"TZL","TZ LIMITED","Technology Hardware & Equipment",1987-01-22,10095142,1,2026-07-10 14:39:43.272191
"TZLN","TZ LIMITED","Technology Hardware & Equipment",1987-01-22,10095142,1,2026-07-10 14:39:43.272191
"TZN","TERRAMIN AUSTRALIA LIMITED.","Materials",2003-12-23,47753271,1,2026-07-10 14:39:43.272191
"UBI","UNIVERSAL BIOSENSORS INC.","Health Care Equipment & Services",2006-12-13,,1,2026-07-10 14:39:43.272191
"UBN","URBANISE.COM LIMITED","Software & Services",2014-09-22,51294809,1,2026-07-10 14:39:43.272191
"UCM","USCOM LIMITED","Health Care Equipment & Services",2003-12-10,,1,2026-07-10 14:39:43.272191
"UM1","UNITY METALS LIMITED","Materials",2026-01-12,16983880,1,2026-07-10 14:39:43.272191
"UNI","UNIVERSAL STORE HOLDINGS LIMITED","Consumer Discretionary Distribution & Retail",2020-11-16,590750237,1,2026-07-10 14:39:43.272191
"UNT","UNITH LTD","Media & Entertainment",1999-12-16,16858185,1,2026-07-10 14:39:43.272191
"UOS","UNITED OVERSEAS AUSTRALIA LIMITED","Real Estate Management & Development",1988-02-17,1174334782,1,2026-07-10 14:39:43.272191
"URF","US MASTERS RESIDENTIAL PROPERTY FUND","Equity Real Estate Investment Trusts (REITs)",2012-07-23,103267693,1,2026-07-10 14:39:43.272191
"USC","US1 CRITICAL MINERALS LIMITED","Materials",2006-06-27,16221638,1,2026-07-10 14:39:43.272191
"USL","UNICO SILVER LIMITED","Materials",2017-04-19,390193669,1,2026-07-10 14:39:43.272191
"USM","UNION STAR METALS LTD","Materials",2009-11-12,6274619,1,2026-07-10 14:39:43.272191
"UWC","UNDERWOOD CAPITAL LIMITED","Not Applic",2015-01-22,11194194,1,2026-07-10 14:39:43.272191
"VAL","VALIANT GOLD LIMITED","Materials",2026-03-27,108000020,1,2026-07-10 14:39:43.272191
"VAR","VARISCAN MINES LIMITED","Materials",1987-08-20,7109980,1,2026-07-10 14:39:43.272191
"VAU","VAULT MINERALS LIMITED","Materials",1996-10-16,4986607614,1,2026-07-10 14:39:43.272191
"VBC","VERBREC LIMITED","Capital Goods",2007-12-11,53577539,1,2026-07-10 14:39:43.272191
"VBS","VECTUS BIOSYSTEMS LIMITED","Pharmaceuticals, Biotechnology & Life Sciences",2016-02-23,8636649,1,2026-07-10 14:39:43.272191
"VBX","VBX LIMITED","Materials",2025-06-17,39890580,1,2026-07-10 14:39:43.272191
"VCX","VICINITY CENTRES","Equity Real Estate Investment Trusts (REITs)",2011-12-05,12157681020,1,2026-07-10 14:39:43.272191
"VEA","VIVA ENERGY GROUP LIMITED","Energy",2018-07-13,3646396478,1,2026-07-10 14:39:43.272191
"VEE","VEEM LTD","Capital Goods",2016-10-26,82179648,1,2026-07-10 14:39:43.272191
"VEN","VINTAGE ENERGY LTD","Energy",2018-09-17,4878672,1,2026-07-10 14:39:43.272191
"VFX","VISIONFLEX GROUP LIMITED","Health Care Equipment & Services",2015-06-09,4765392,1,2026-07-10 14:39:43.272191
"VFY","VITRAFY LIFE SCIENCES LIMITED","Pharmaceuticals, Biotechnology & Life Sciences",2024-11-26,225425543,1,2026-07-10 14:39:43.272191
"VGL","VISTA GROUP INTERNATIONAL LIMITED.","Software & Services",2014-08-11,485756063,1,2026-07-10 14:39:43.272191
"VGN","VIRGIN AUSTRALIA HOLDINGS LIMITED.","Transportation",2025-06-24,2368380172,1,2026-07-10 14:39:43.272191
"VHL","VITASORA HEALTH LIMITED","Health Care Equipment & Services",2000-07-14,30425554,1,2026-07-10 14:39:43.272191
"VHM","VHM LIMITED","Materials",2023-01-09,76344915,1,2026-07-10 14:39:43.272191
"VIG","VICTOR GROUP HOLDINGS LIMITED","Software & Services",2014-05-09,,1,2026-07-10 14:39:43.272191
"VIT","VITURA HEALTH LIMITED","Health Care Equipment & Services",2019-11-07,18556771,1,2026-07-10 14:39:43.272191
"VKA","VIKING MINES LIMITED","Materials",2010-05-12,21830789,1,2026-07-10 14:39:43.272191
"VLS","VITA LIFE SCIENCES LIMITED..","Pharmaceuticals, Biotechnology & Life Sciences",2007-08-23,133209825,1,2026-07-10 14:39:43.272191
"VMC","VENUS METALS CORPORATION LIMITED","Materials",2007-06-12,59819872,1,2026-07-10 14:39:43.272191
"VML","VITAL METALS LIMITED","Materials",2005-10-11,27266761,1,2026-07-10 14:39:43.272191
"VMM","VIRIDIS MINING AND MINERALS LIMITED","Materials",2022-01-24,447976401,1,2026-07-10 14:39:43.272191
"VMS","VENARI MINERALS NL","Materials",1986-08-14,9686847,1,2026-07-10 14:39:43.272191
"VMT","VMOTO LIMITED","Automobiles & Components",2002-01-31,46342530,1,2026-07-10 14:39:43.272191
"VNL","VINYL GROUP LTD","Software & Services",2010-09-21,78608333,1,2026-07-10 14:39:43.272191
"VNT","VENTIA SERVICES GROUP LIMITED","Capital Goods",2021-11-19,4759737828,1,2026-07-10 14:39:43.272191
"VPR","VOLT GROUP LIMITED","Utilities",1991-04-18,20455460,1,2026-07-10 14:39:43.272191
"VR1","VECTION TECHNOLOGIES LTD","Software & Services",2017-03-17,51769402,1,2026-07-10 14:39:43.272191
"VR8","VANADIUM RESOURCES LIMITED","Materials",2017-11-03,9376034,1,2026-07-10 14:39:43.272191
"VRC","VOLT RESOURCES LIMITED","Materials",2003-12-19,,1,2026-07-10 14:39:43.272191
"VRL","VERITY RESOURCES LIMITED","Materials",2008-01-18,6382518,1,2026-07-10 14:39:43.272191
"VRS","VERIS LIMITED","Commercial & Professional Services",2008-06-25,30770552,1,2026-07-10 14:39:43.272191
"VRX","VRX SILICA LIMITED","Materials",2011-02-24,29769059,1,2026-07-10 14:39:43.272191
"VSL","VULCAN STEEL LIMITED","Materials",2021-11-04,709205006,1,2026-07-10 14:39:43.272191
"VSR","VOLTAIC STRATEGIC RESOURCES LTD","Energy",2011-01-21,16531456,1,2026-07-10 14:39:43.272191
"VTA","VITA RESOURCES NL","Materials",2021-03-16,3159536,1,2026-07-10 14:39:43.272191
"VTM","VICTORY METALS LIMITED","Materials",2021-07-22,204587553,1,2026-07-10 14:39:43.272191
"VTX","VERTEX MINERALS LIMITED","Materials",2022-01-17,31526869,1,2026-07-10 14:39:43.272191
"VUL","VULCAN ENERGY RESOURCES LIMITED","Materials",2018-05-30,1412049174,1,2026-07-10 14:39:43.272191
"VVA","VIVA LEISURE LIMITED","Consumer Services",2019-06-07,150775945,1,2026-07-10 14:39:43.272191
"VYS","VYSARN LIMITED","Materials",2007-12-14,503709812,1,2026-07-10 14:39:43.272191
"W2V","WAY 2 VAT LTD.","Software & Services",2021-09-17,17488868,1,2026-07-10 14:39:43.272191
"WA1","WA1 RESOURCES LTD","Materials",2022-02-08,876555672,1,2026-07-10 14:39:43.272191
"WAA","WAM ACTIVE LIMITED","Not Applic",2008-01-11,155287137,1,2026-07-10 14:39:43.272191
"WAF","WEST AFRICAN RESOURCES LIMITED","Materials",2010-06-11,3179633362,1,2026-07-10 14:39:43.272191
"WAG","THE AUSTRALIAN WEALTH ADVISORS GROUP LIMITED","Financial Services",2024-02-16,41663066,1,2026-07-10 14:39:43.272191
"WAK","WA KAOLIN LIMITED","Materials",2020-11-26,13860970,1,2026-07-10 14:39:43.272191
"WAM","WAM CAPITAL LIMITED","Not Applic",1999-08-12,1781284177,1,2026-07-10 14:39:43.272191
"WAR","WAM STRATEGIC VALUE LIMITED","Not Applic",2021-06-28,199038966,1,2026-07-10 14:39:43.272191
"WAT","WATERCO LIMITED","Consumer Durables & Apparel",1989-03-23,175519268,1,2026-07-10 14:39:43.272191
"WAU","WA GOLD LIMITED","Materials",2004-05-12,23960969,1,2026-07-10 14:39:43.272191
"WAX","WAM RESEARCH LIMITED","Not Applic",2003-08-19,219493334,1,2026-07-10 14:39:43.272191
"WBC","WESTPAC BANKING CORPORATION","Banks",1970-07-18,123985994806,1,2026-07-10 14:39:43.272191
"WBT","WEEBIT NANO LTD","Semiconductors & Semiconductor Equipment",2010-12-21,1717450270,1,2026-07-10 14:39:43.272191
"WC1","WEST COBAR METALS LIMITED","Materials",2021-10-01,7070688,1,2026-07-10 14:39:43.272191
"WC8","WILDCAT RESOURCES LIMITED","Materials",2004-08-04,635633205,1,2026-07-10 14:39:43.272191
"WCE","WEST COAST SILVER LIMITED","Materials",2020-12-14,35880209,1,2026-07-10 14:39:43.272191
"WCN","WHITE CLIFF MINERALS LIMITED","Materials",2007-12-14,51844436,1,2026-07-10 14:39:43.272191
"WDS","WOODSIDE ENERGY GROUP LTD","Energy",1971-11-18,54884761128,1,2026-07-10 14:39:43.272191
"WEB","WEB TRAVEL GROUP LIMITED","Consumer Services",1997-11-19,991628254,1,2026-07-10 14:39:43.272191
"WEC","WHITE ENERGY COMPANY LIMITED","Energy",1999-07-23,79462936,1,2026-07-10 14:39:43.272191
"WEL","WINCHESTER ENERGY LTD","Energy",2014-09-23,1713019,1,2026-07-10 14:39:43.272191
"WES","WESFARMERS LIMITED","Consumer Discretionary Distribution & Retail",1984-11-15,102379796411,1,2026-07-10 14:39:43.272191
"WGB","WAM GLOBAL LIMITED","Not Applic",2018-06-22,791118579,1,2026-07-10 14:39:43.272191
"WGN","WAGNERS HOLDING COMPANY LIMITED","Materials",2017-12-08,798895312,1,2026-07-10 14:39:43.272191
"WGR","WESTERN GOLD RESOURCES LIMITED.","Materials",2021-07-23,34719436,1,2026-07-10 14:39:43.272191
"WGX","WESTGOLD RESOURCES LIMITED.","Materials",2016-12-06,4469053298,1,2026-07-10 14:39:43.272191
"WHC","WHITEHAVEN COAL LIMITED","Energy",2007-06-01,5970070563,1,2026-07-10 14:39:43.272191
"WHF","WHITEFIELD INDUSTRIALS LIMITED","Not Applic",1971-08-02,572524408,1,2026-07-10 14:39:43.272191
"WHI","WHITEFIELD INCOME LIMITED","Not Applic",2024-12-11,405566025,1,2026-07-10 14:39:43.272191
"WHK","WHITEHAWK LIMITED","Software & Services",2018-01-24,5744976,1,2026-07-10 14:39:43.272191
"WIA","WIA GOLD LIMITED","Materials",2011-03-09,867955875,1,2026-07-10 14:39:43.272191
"WIN","WIN METALS LTD","Materials",2021-09-22,15432792,1,2026-07-10 14:39:43.272191
"WJL","WEBJET GROUP LIMITED","Consumer Services",2024-09-23,166825402,1,2026-07-10 14:39:43.272191
"WLE","WAM LEADERS LIMITED","Not Applic",2016-05-30,1897685851,1,2026-07-10 14:39:43.272191
"WMA","WAM ALTERNATIVE ASSETS LIMITED","Not Applic",2014-06-16,197446793,1,2026-07-10 14:39:43.272191
"WMG","WESTERN MINES GROUP LTD","Materials",2021-07-20,21053180,1,2026-07-10 14:39:43.272191
"WMI","WAM MICROCAP LIMITED","Not Applic",2017-06-28,412159212,1,2026-07-10 14:39:43.272191
"WMX","WAM INCOME MAXIMISER LIMITED","Not Applic",2025-04-30,328819501,1,2026-07-10 14:39:43.272191
"WNR","WINGARA AG LTD","Food, Beverage & Tobacco",1990-01-31,,1,2026-07-10 14:39:43.272191
"WNX","WELLNEX LIFE LIMITED","Food, Beverage & Tobacco",2017-03-15,4016475,1,2026-07-10 14:39:43.272191
"WOA","WIDE OPEN AGRICULTURE LTD","Food, Beverage & Tobacco",2018-07-06,5890022,1,2026-07-10 14:39:43.272191
"WOR","WORLEY LIMITED","Capital Goods",2002-11-28,5236026312,1,2026-07-10 14:39:43.272191
"WOT","WOTSO","Real Estate Management & Development",2011-10-28,91317305,1,2026-07-10 14:39:43.272191
"WOW","WOOLWORTHS GROUP LIMITED","Consumer Staples Distribution & Retail",1993-07-12,48741807761,1,2026-07-10 14:39:43.272191
"WPR","WAYPOINT REIT","Equity Real Estate Investment Trusts (REITs)",2016-08-03,1586968719,1,2026-07-10 14:39:43.272191
"WQG","WCM GLOBAL GROWTH LIMITED","Not Applic",2017-06-23,546305984,1,2026-07-10 14:39:43.272191
"WRK","WRKR LTD","Software & Services",2016-12-19,175909277,1,2026-07-10 14:39:43.272191
"WRX","WESTERN RIDGE RESOURCES LIMITED","Materials",2022-08-05,3315986,1,2026-07-10 14:39:43.272191
"WSI","WESTSTAR INDUSTRIAL LIMITED","Materials",2006-06-07,7854680,1,2026-07-10 14:39:43.272191
"WSR","WESTAR RESOURCES LIMITED","Materials",2020-12-17,5656014,1,2026-07-10 14:39:43.272191
"WTC","WISETECH GLOBAL LIMITED","Software & Services",2016-04-11,11646176954,1,2026-07-10 14:39:43.272191
"WTL","WT FINANCIAL GROUP LIMITED","Financial Services",2015-03-09,46195082,1,2026-07-10 14:39:43.272191
"WTM","WARATAH MINERALS LIMITED","Materials",2012-10-29,191937401,1,2026-07-10 14:39:43.272191
"WTN","WINTON LAND LIMITED","Real Estate Management & Development",2021-12-17,652550219,1,2026-07-10 14:39:43.272191
"WWG","WISEWAY GROUP LIMITED","Transportation",2018-10-31,57666560,1,2026-07-10 14:39:43.272191
"WWI","WEST WITS MINING LIMITED","Materials",2007-12-19,173955205,1,2026-07-10 14:39:43.272191
"WYX","WESTERN YILGARN NL","Materials",2007-05-25,5034424,1,2026-07-10 14:39:43.272191
"WZR","WISR LIMITED","Financial Services",1989-03-16,35247310,1,2026-07-10 14:39:43.272191
"X2M","X2M CONNECT LIMITED","Technology Hardware & Equipment",2021-09-22,7046092,1,2026-07-10 14:39:43.272191
"XEN","XENITRA LIMITED","Consumer Discretionary Distribution & Retail",2011-12-07,12838576,1,2026-07-10 14:39:43.272191
"XF1","XREF LIMITED","Software & Services",2007-04-18,16286643,1,2026-07-10 14:39:43.272191
"XGL","XAMBLE GROUP LIMITED","Media & Entertainment",2015-07-06,4613502,1,2026-07-10 14:39:43.272191
"XPD","XPEDRA RESOURCES LIMITED","Materials",1997-08-29,14929447,1,2026-07-10 14:39:43.272191
"XPN","XPON TECHNOLOGIES GROUP LIMITED","Software & Services",2021-12-16,4928564,1,2026-07-10 14:39:43.272191
"XRA","XENORA MINERALS LTD","Materials",2017-04-06,14616088,1,2026-07-10 14:39:43.272191
"XRF","XRF SCIENTIFIC LIMITED","Capital Goods",2006-10-31,248889736,1,2026-07-10 14:39:43.272191
"XRG","XREALITY GROUP LTD","Consumer Services",2013-01-18,52649221,1,2026-07-10 14:39:43.272191
"XRO","XERO LIMITED","Software & Services",2012-11-08,12622908305,1,2026-07-10 14:39:43.272191
"XST","XSTATE RESOURCES LIMITED","Energy",1988-01-14,6718501,1,2026-07-10 14:39:43.272191
"XYZ","BLOCK, INC.","Financial Services",2022-01-20,62672124607,1,2026-07-10 14:39:43.272191
"YAL","YANCOAL AUSTRALIA LIMITED","Energy",2012-06-28,7196394932,1,2026-07-10 14:39:43.272191
"YAR","YARI RESOURCES LTD","Materials",2006-06-19,5036783,1,2026-07-10 14:39:43.272191
"YOJ","YOJEE LIMITED","Software & Services",2010-12-02,102848803,1,2026-07-10 14:39:43.272191
"YOW","YOWIE GROUP LTD","Food, Beverage & Tobacco",1999-09-15,,1,2026-07-10 14:39:43.272191
"YRL","YANDAL RESOURCES LIMITED","Materials",2018-12-14,76527977,1,2026-07-10 14:39:43.272191
"YUG","YUGO METALS LIMITED","Materials",2021-10-21,19828828,1,2026-07-10 14:39:43.272191
"ZAG","ZULEIKA GOLD LIMITED","Materials",2010-08-23,31513918,1,2026-07-10 14:39:43.272191
"ZEO","ZEOTECH LIMITED","Materials",2009-10-16,152241731,1,2026-07-10 14:39:43.272191
"ZEU","ZEUS RESOURCES LIMITED","Energy",2013-01-21,5741845,1,2026-07-10 14:39:43.272191
"ZGL","ZICOM GROUP LIMITED","Capital Goods",1970-11-12,30181229,1,2026-07-10 14:39:43.272191
"ZIM","ZIMPLATS HOLDINGS LIMITED","Materials",1998-10-15,1387449296,1,2026-07-10 14:39:43.272191
"ZIP","ZIP CO LIMITED..","Financial Services",2009-12-09,3862357586,1,2026-07-10 14:39:43.272191
"ZLD","ZELIRA THERAPEUTICS LIMITED","Pharmaceuticals, Biotechnology & Life Sciences",2003-07-28,,1,2026-07-10 14:39:43.272191
"ZMI","ZINC OF IRELAND NL","Materials",2007-09-18,19275160,1,2026-07-10 14:39:43.272191
"ZMM","ZIMI LIMITED","Technology Hardware & Equipment",2007-09-10,2823581,1,2026-07-10 14:39:43.272191
"ZNC","ZENITH MINERALS LIMITED","Materials",2007-05-29,55912251,1,2026-07-10 14:39:43.272191
"ZNO","ZOONO GROUP LIMITED","Materials",1988-07-21,22341647,1,2026-07-10 14:39:43.272191
